feature_1,feature_2,feature_3,feature_4,feature_5,feature_6,feature_7,feature_8,feature_9,feature_10,feature_11,feature_12,feature_13,feature_14,feature_15,target,category_A,category_B
1.3337154616351297,-2.972799919127352,2.077139156780513,1.8903099687932676,1.6311357447045858,-0.12822070015349607,3.1160157137108957,-1.3135277983539944,-1.334536014461161,0.039569724133648135,2.2448766301003724,5.690402218384457,-0.5150554810704184,-4.675821327320489,0.8510492285618181,1,Group3,TypeX
0.8010905764803163,1.7695552091868567,1.6768115349545574,-1.7987745112336373,0.5155244249922499,-0.02096115050719427,0.8404156173460096,-0.01833806663370996,-0.7441216137121756,-0.11741030034486948,5.873472934570078,4.816932206360764,-0.9488086345507366,-4.182251265671564,2.7132939356989674,0,Group1,TypeX
-5.089458725882755,1.2190980503465352,0.4755903186702518,-1.413128133712583,-1.4696141011830282,4.808529468617101,1.7186161597054426,0.6455980789595456,-0.06488742428469396,0.7039646767942336,2.14380194299921,-0.3721803160843802,-0.45697549976406693,-1.8541075469098973,2.185900475997381,0,Group3,TypeX
-3.6746336783973415,0.5300057031633092,-1.1325767498388268,1.9687674778732132,-0.49017806299313793,-0.6347723584633869,-2.621965523817737,-1.7101751013917943,1.4581877814860933,1.0371714725320045,4.294246513847321,5.911043458106853,-2.3138701897749705,3.3989933132615104,2.3127063004288066,0,Group3,TypeX
-6.795904138990844,-1.4600278817128336,-1.4922123035464734,4.330696142987297,-2.087944884563509,2.383519085797075,2.1773855054796165,-0.2717300398697084,1.5128322573126787,-1.869731661954991,-1.5162173501350802,1.2695833913045402,-0.6850326957611554,6.726386750423154,-2.1388163479930213,0,Group1,TypeY
3.8648946332698997,1.4918252209510035,0.5063590541917606,-1.8907096259151592,0.04133506595167069,2.708155493223739,-4.560849571127507,-1.1037585626023165,0.08942390369557973,0.2595956466989539,-0.8960278724009465,-7.951881382304516,2.084209462186646,-0.33845735910741903,-2.4352984750932514,0,Group1,TypeX
-7.547708055282092,4.73487270658101,1.6042648935677395,2.4097417340771012,-3.9962381037285724,2.85336894669779,-4.2255260767753855,-0.4150913367253287,0.36195013395027753,0.7051486589381767,-1.8515348161017098,-5.703213278967073,-6.8207465204697355,1.0585468258640636,-0.6987711880050151,1,Group3,TypeY
0.7592734049272735,-5.02544501185529,-0.5254631097038127,4.795324786032177,1.6512422838970955,1.183823482866988,-1.4371897725321965,1.0945624546137955,2.0738527135180376,1.2364895121841768,5.626605803041821,6.9889060349128105,0.6423121905334992,3.801692176629003,-1.8516787900801241,1,Group2,TypeY
-5.9528154630807,5.627290438478282,0.45383103111320033,1.6775967584262628,-0.5676400442920739,5.149554652003081,-4.595459997410817,2.5460545359427917,-4.651678367437247,1.7123046874375993,-2.711386232257261,-5.574747890468844,-3.3797864607634387,-4.354878125932455,0.6066094367321369,1,Group3,TypeX
-2.1768408878501497,-1.6437123073058966,-1.207915977581055,-0.9785453696649747,-6.549261501122837,-1.1495251816303749,1.6661501433075023,1.7293008660447564,1.2131791486785832,-1.4910799236114736,2.495893270099506,6.93979602226348,-1.4822861199183244,5.6209221501971625,3.180478701174022,0,Group3,TypeY
0.27000232457960593,-2.8046160086067045,0.669329866171801,2.4162261990179923,1.5024084776376387,-1.1542243529246907,1.9924829602887442,0.37086779247102475,0.6652222452224132,-0.9913343922342502,0.4190247790386802,3.7237245867509245,0.03454755639839402,-0.16777882177868203,-0.22821957563946105,1,Group3,TypeY
5.318555558952133,-6.3841751924875245,-0.33198528601305344,3.553504267540186,0.8218396523390844,-4.129854511886375,3.599419082270123,-0.8037236608946853,-1.3298202133050923,-0.4697297964895977,2.575096147313497,9.624164056403018,-0.5344035637836995,0.2933082088870193,-2.673181970847935,1,Group3,TypeY
-4.710900328545288,-0.591712730964435,-2.494159657428864,0.14287330200736126,-0.7548487518261917,1.570125790987296,1.4554333825904435,1.3055827158105235,-0.6252903487622625,-0.7133109002802115,2.5053025095451975,4.50177995466351,-0.7712429136847221,1.3523005429294257,1.8582793301928953,1,Group1,TypeY
2.7758128463753207,-1.1170648941379078,2.8493925886674902,2.7100193368540877,2.2080134147937978,1.6065123172954783,-0.13760530414951422,0.365169001048321,-0.462376909443294,0.24489730171272925,-0.9591681853673739,0.36484449347579956,3.469741478723414,-1.7252144278245156,-0.27712313356929763,1,Group3,TypeX
-4.147846334533411,2.794825217709275,-1.9911270636411813,-1.8463707642749894,1.3430746484370237,4.293492836237452,-0.16695236496551424,-1.3293590589340638,-2.078017738815652,-0.28451030433922214,1.274871882622554,-6.135742780001945,-2.987440237747934,-3.911776593069122,-3.0177358459157033,1,Group2,TypeY
1.328933240700767,-2.3894012262247513,-2.402700189834852,2.0028960101205424,-1.44177896211959,0.00588579440735848,-1.137928290839719,1.0896295229091613,-3.081615937074864,-0.35928530430641653,-2.3092648345579763,0.46813053095270035,-0.6024208771334254,1.5824058419236315,-2.6394671873424436,0,Group1,TypeX
-4.6990295131025475,-1.6584733155696165,-4.725165759168686,-0.36533112605417295,0.5035566145904631,2.416767756994523,2.950640567630305,0.43128381688629847,-0.5839974004559604,-1.1741423724811146,3.848142245258151,3.5395700949368436,-0.28469895037042336,2.4043480731555396,-1.3490051757522308,1,Group2,TypeY
3.600701148546473,-0.7460253035121338,1.8517883830116755,1.0021872176624793,1.22524381557379,1.1564078623710254,-1.1441105965704428,-0.30821592816082993,-2.4527058250961935,-0.3467498910082427,1.5803174727215332,0.4586282837910481,-0.4609645818873953,-4.804953052969479,-1.1838281501269063,1,Group2,TypeY
6.826910623451451,2.455330685755851,3.7627534229070076,-4.734722516488775,-3.1723150285317785,2.2961049039273957,1.4072170203097367,-1.9252622125874854,-2.6956520338882064,0.727122481485493,2.261142710320095,-4.1849162649780665,0.5857212147863597,-5.964088160986592,-1.9038027131118502,0,Group2,TypeX
3.889805768680873,-6.05692964197585,3.122467217115289,2.8526268406468587,0.6173958554918881,-2.035370720412055,3.504506260214896,-0.7480909828486626,-0.4257244812244141,0.2916589331890461,1.5776066057609337,6.558123435661796,-1.8398961465703825,-4.594833627016215,-0.12974240387661373,1,Group2,TypeY
-2.04321964668708,2.0140445431756318,-0.2935025715072246,1.6021599848586399,-1.6446429629883814,-0.1271626418140186,-5.014072975886561,0.5918011911450157,1.6623694431616058,1.2592837114361684,0.8672173312789603,-0.747070941643981,-2.2500361192534193,4.168138010275937,0.011596809781286854,0,Group1,TypeY
-3.703692396434546,0.47062746261582333,-0.3294782282779364,0.9652853561217566,-1.6509326665403932,1.679874006310903,0.9706749993848737,-0.14503369152842244,1.8298574550552464,-0.12168868568726955,-2.401943491564431,-3.573994780105934,-0.15531260850396056,3.925441330078571,-1.8586334168604415,0,Group1,TypeY
2.9494427311884457,-0.21101616284862335,-0.4709888083003637,0.06642128721772422,-0.3548581037232247,-1.6417950132170858,-0.2018933550599753,-1.3859266659702465,-1.2570073844264469,-0.006334140465255962,2.471563846850147,3.497045852017323,-0.18232328416069632,0.3854794315754969,-0.8611319983011183,1,Group2,TypeX
-3.2807280808465316,-3.9261910127936313,-0.3930299571437278,-0.3151095819950902,-1.8108071286290333,6.3902533300564865,2.019605517311481,1.0685495584552998,1.1654448173413745,-0.08857106726878992,-3.850770458644704,-8.80298204202073,-0.10164087439060698,-0.37450883310006355,-3.545441961439047,0,Group2,TypeY
-0.16678745344372503,-2.4273347783750863,2.1337360534224654,4.547705844267856,-2.0581535143584997,1.865290959005232,-0.2831374636245363,-0.4112604304834833,-0.07101034814193619,0.14561699682689125,-1.8772436137109838,0.41004989090443894,-0.47529291145738983,1.8038879287461205,-2.0346259701905582,0,Group1,TypeX
-1.5830408598172785,0.771923996365883,1.246987223051561,-1.5934929962319977,-0.7553575557260971,1.3446687466139116,0.661588574889376,-0.7706179501253388,0.17644105010317346,1.5206400960170445,0.9186196832007077,0.099488467438942,-0.5014986990076589,-2.578225923057208,2.75886495231779,0,Group1,TypeY
-4.9041162990304406,2.1962174968523227,-0.6073521622517044,3.1490481341024945,-1.8563555462166312,0.019295564798760045,-2.980611005554622,1.1687227942312366,-0.2633491813722524,-0.24530748618780235,-0.22717846477789516,0.6975002370522235,-4.300642109435001,2.8379801883346283,-0.28182836749393136,1,Group1,TypeX
-3.7855291196828373,0.004734435432403705,0.0681201097924018,0.774787844247217,-0.42578492916426736,2.138188225811623,0.8815732897831658,2.3491085580250326,2.3316677390440286,0.9498890682492921,-1.7696247821530293,-4.739006527521756,-0.9509575875458691,2.0469990132618827,-2.2507105206739118,0,Group3,TypeX
-2.923782887490474,2.553256901913073,-0.3728438582689373,0.7982567913323172,2.4520926026632277,-3.444054783008646,1.938054106938515,0.7735476151070181,-0.689336224556222,-1.0509411661889605,0.2719734120578965,3.0482392292982774,-2.7191322680059127,-1.7380848618899996,0.9601300523264449,0,Group3,TypeY
2.4277186016347927,1.1697066747241458,0.29049045775128535,-2.080659701466247,-2.7831605391496,1.357224678978926,-1.0251729525833246,-0.3874886632696904,-0.14243647502215762,-0.24717161224439949,5.730569502299277,2.4253225723480276,0.20992030569249653,1.1405812078762665,-0.15503386223011106,0,Group3,TypeY
-3.27712234323266,1.051517734418164,-0.9557406423809349,-0.9528622316369026,0.5409773772865174,0.46434434038397376,2.119543434145908,-2.2484965344996555,0.138962863131314,-1.125096327023029,-1.9706640145309626,-3.609151158538506,-1.4235037481977766,-0.8301878681432417,-1.1621541469172934,0,Group2,TypeX
-4.028122615875138,-0.1910848424403251,-1.9603185542798873,2.4141027733652383,-1.520151512382962,2.0714073265240582,-5.961835455974059,1.4939281436421976,2.891708290966725,-0.3306586623763318,-1.9442159885046566,-4.14691831489125,-0.8443301091255264,6.811163922857711,-0.85763543508713,0,Group3,TypeX
2.431401576518226,-2.750617577564119,0.31922828294290895,1.9499815498595834,-0.514888798618859,-0.9348515062578415,0.15983545779777675,-0.944908722685067,-3.5533738660530005,0.6457976416037114,-0.13384260267308135,3.5699534226142915,-2.398097975687702,-3.6576410442818688,-0.589523088489528,0,Group2,TypeY
-4.030002642526885,2.0443965605065877,1.5169012812423988,-2.531592134023657,-0.9758520811855265,3.6785466805650615,0.493329348326049,0.9713442845414815,2.0038017158814077,1.3951019065022976,0.9667934095381138,-4.128613254696793,-0.6967109099146982,-1.9242123023297595,1.9612269606605572,0,Group2,TypeX
2.939735540015548,1.4168794859228144,0.9498124326926732,-2.931672669300453,1.6470023108383538,4.30932293157821,-1.2248165023402529,1.032974234914031,-2.3764971602230833,-1.3099765543749995,1.5938165857094237,-3.2824374121454314,3.4132267390918187,-5.397028545025521,0.7596559544116175,0,Group3,TypeY
3.3192540385055116,-0.1146557242197983,0.9460738853683088,-0.41401149182841324,0.1357267102051617,1.9492077836533173,-0.8525854426959658,0.6102350056939962,-2.1706564203857166,0.47474210483989104,-0.9992332879053576,-2.3491804489800194,2.020986940385602,-2.5277562359627157,-0.9535768199922584,1,Group2,TypeY
5.003547382642266,0.11552343236034113,0.27943320156492346,2.9514013177962255,0.03141258433674343,-4.08109718437361,-2.7213321751951716,0.2353171684846372,0.2970342196581872,0.05650767442926739,1.6073610352285967,4.9741822854560445,1.2970074342315505,4.936600499637115,-1.5868323259989292,1,Group3,TypeY
-1.1805372267738465,2.242978775046923,-0.6072693093736121,-1.3115032493414227,1.5962419370561185,-2.7320338907534936,0.721177045986229,-1.0236597461307144,-0.18702922581644277,-0.28568654809226357,-2.5491662455989967,-1.2910527398176856,-0.4393459191708091,-1.2012579028978387,1.4647968971275125,0,Group3,TypeY
8.097086165450103,2.1687650278002657,0.5337690236365997,-3.4784253691727107,-2.8063287910770027,2.903461423539643,-0.22471556689459005,2.3330164182526882,-6.2974436552390705,1.2959278615737506,5.7709342039685225,3.1756106367634693,3.300332756277774,-3.627644991691321,-1.0874978578014676,0,Group1,TypeX
-5.325484057173415,4.7150105977127,0.7660468226362684,0.7294387552379896,-0.924284000635805,3.082805426164331,-0.18504846624165117,0.9497003842778697,-1.4239744239303456,0.2744683356365649,0.2905517179813035,-3.2899727380388737,-3.3043657261918775,-1.4701447048321352,-1.301019405128733,1,Group3,TypeY
-2.468717545140732,-0.6447565730516285,0.15345296909502526,1.3359192080626605,-1.518135037029369,2.791709253960546,1.927038458273138,0.9156538042583441,-0.34878473352050676,1.1864155905176088,-0.6972990110067477,-2.8378883015188694,-1.9758519072124883,0.2425693655553143,-3.61686014031316,0,Group1,TypeX
-3.6225166610054993,1.1221462416924992,1.5616946431625487,0.3268046167902293,-2.0088162669521052,3.144517100857692,2.0063683951672227,-0.5527909175451801,1.8059835914018922,-0.5953056976939823,-2.43409559490959,-7.284718411640083,-1.9634854593137674,0.83740728972054,-3.724087248591012,0,Group3,TypeY
-3.68210799258752,-0.471519439382621,-0.30431713272371297,2.2599548688192836,-3.0908266943720424,1.334715944785779,1.2198447208626855,0.17769804579023982,1.1246655033511712,-0.7946591841458039,-1.30444185157454,-0.15410626180039738,-1.0538997277431696,4.834227465187791,-1.7190371875187402,0,Group3,TypeX
-0.1250630336608544,-1.9409804170473155,0.469808780088774,-0.04900369587833375,-1.1113444931348977,1.7860680698273785,1.3360461501413357,-1.6382456590945336,-0.7937915542072662,-0.25959672180927,-2.3159079276725745,-1.8866270237366969,0.25217743017553884,-1.5367856429548084,-0.22474058523972518,0,Group1,TypeY
-5.881551128885205,-2.9281735463153855,-2.911776175576743,1.8201844374024185,-2.2723700982261064,2.913020870056779,2.376351656652246,1.2891318354374448,0.6683332257923413,0.6564065654899721,-0.39688462900103105,0.02846545435163311,-2.007573974167369,4.103405697197943,-2.494166818543214,0,Group1,TypeX
3.533700889579953,0.5812411059718734,1.7433693297558328,1.9155303348582198,0.15436663353865188,-3.492709471823075,2.148497078826529,-0.297949364813223,3.8112156817340876,0.45322190228289727,0.34932696089642545,1.8650634152678232,3.6386692485338723,7.165327274799364,-3.0377763114141847,1,Group3,TypeX
-3.4415404633243742,-1.9027830891406625,0.6946918265326194,0.29661844816640903,-1.9892545035788953,5.705937098625214,2.209134382811592,1.645354952270745,1.4405941442939425,-0.235164878251097,-2.0293961383966925,-7.84292434792546,-1.3045575669248157,-0.002604880154867442,-4.433715072677985,0,Group2,TypeY
0.5800811166223819,-3.7790694334882104,-1.639048112148639,3.0461635985561015,-2.891713025348304,1.416976520979009,-3.329827014187398,-0.39167060950403243,0.6885710330313999,-1.8825207514674638,-3.7174094612507473,-1.993687361510739,1.1959396527029842,6.397051497891063,-2.3397640432143234,0,Group1,TypeY
-7.986728669570821,1.3125160724372804,0.3621308805871646,1.0129423634340884,0.7444834190167502,2.493229238294381,-1.1902037862082984,-0.1664855842815459,3.1714450292409464,-0.9711898691379917,0.36697989069089576,-1.8568104329821498,-2.7254343481655336,0.2704757256852206,2.5316558978529926,0,Group2,TypeY
5.945458007796299,-0.1608568453746143,0.6979739905098691,2.9541847380011648,2.313036404385226,-3.034509359816172,-0.8815130298633733,0.8603325594167204,1.384131531301163,-2.767325422602398,-3.3717805874569304,-0.2352001696330613,6.410888021421627,6.056462000067477,-2.966735184705043,1,Group2,TypeY
2.4605352832193774,0.7773106058078698,0.9639412682699537,0.33402897068163473,0.8937283659621954,0.36398722961525043,0.706570315605288,-0.4666189681756455,-0.3410744672964964,-0.736901352231799,-1.091310166532534,-0.48401678199815423,3.8863975346996003,0.8828886486334452,-0.6429044795356477,1,Group2,TypeX
-0.5763805911472282,2.0229526934412076,-0.8280828031460615,0.08510490889298084,-0.5989601363920539,-2.142161559164243,2.029039202162969,0.6381840407282129,-1.0367066500533733,0.21272612119178486,3.026980470289066,3.1829607712020036,-2.8235860541964746,0.7276652904905612,-2.113188363070131,1,Group1,TypeY
-2.151813229294943,-0.17210234452480833,-1.4664196846146877,1.6798269976432763,-0.6653884357152795,-1.4780243047633976,0.940827417420161,0.12079023250111028,-0.881555502999249,-0.750022681565717,-0.9312703025730982,3.251899296613642,-0.9016144385552121,2.2461780358907464,0.301712417850887,0,Group2,TypeX
9.321811304159775,-3.5481558094635957,-0.6777192653481605,0.9993714777185665,1.8820662211305075,-2.6012778082241894,0.9882134419247843,-1.667665266190862,-5.710017270085656,0.9905668274427895,2.0445587633192686,6.65699439691681,1.8695993914507474,-4.106905880443434,-2.395711205174032,1,Group1,TypeX
-4.818946371830288,0.6528914221830024,0.4069072012214656,-0.1456085668332101,-0.42558096709348725,2.831081148179348,-1.0975106346470556,0.5432569649742733,1.9791456465451112,-1.8075896491814576,-0.748422003028226,-3.198837369544921,-1.025709922575705,0.04064607948474235,1.736583879221922,0,Group2,TypeY
-4.574038551746769,0.738093361008321,0.9004487945413845,0.030940887296571296,-3.143896959482146,3.0034714596130923,-0.37156711860140723,1.1407858004524745,1.730519138544686,0.293008807258655,-2.890091250088554,-6.209587358086279,-2.476893023471318,1.2398647142621608,-0.8255347576208449,0,Group3,TypeX
-0.007352810700244972,-0.3287780407200087,0.6829085609166974,1.4751547945540044,0.37393057689764797,-1.2131369147447386,-0.09628968427102014,-0.1825848784124418,-0.43185659398785514,-0.5545932404325518,-1.8054129293123604,0.5989749673675538,-0.6357831132257853,-0.6052201939511818,0.37465246656946305,0,Group3,TypeX
-4.052436563415799,-1.7888654771963328,-2.2707433412749953,1.8940077985938129,-0.2908809335964395,-2.480136002383598,-0.6495309533369407,0.6727567871994219,2.9519970677511003,-1.1785727847701737,0.2830426515927369,5.73266008073542,-0.1004513499661458,6.031010718734582,3.3434107922799203,0,Group1,TypeX
-4.054961664512231,-1.3269193919421403,-3.1039905727122643,1.2930802612402346,1.064141094207962,1.3719085253866354,1.524197333007201,0.40921257860654675,0.6338677625751334,-0.425924599317566,1.1738282011645358,2.8883421291663027,1.310964701658186,3.7608797196440964,-0.2140668956952756,1,Group3,TypeX
1.7690890495368994,-1.453735093133492,-0.25963031579930407,0.7595907556106463,0.3946403430217511,1.1893413321564403,-0.2059198454928024,-0.09427271723096599,-2.4726277424915573,0.18146106348063867,4.819815761054662,4.283353345463794,-1.5879110510858463,-2.940143529839918,-1.1268059651985909,1,Group3,TypeY
1.7922522388592392,0.9881259012859316,-1.6225946705658107,-1.0541764063141228,0.03462170267987441,2.1099222722375486,-1.2761483077205487,0.45963731807481595,-4.757387765070267,0.9136072175680342,1.3962872721045192,0.3486318268108547,0.3392601010413435,-3.2127967702741,-0.7169324208951124,1,Group2,TypeY
-2.1045012670088297,-3.1407300342390867,-0.8398379007597495,2.192553106733138,-1.296803383403907,-0.1771109247889029,-0.22635959904878122,0.09600926799704997,1.5432056554258224,0.20207450616131267,0.9387692435386448,4.3294019408617945,-0.8221221202228971,3.299163005024577,1.2469810726746617,0,Group1,TypeY
-6.605608755200577,0.28794411095143324,-0.7245578956563081,1.4587652847477228,-0.37244382180416746,1.4151535060229383,-0.3013487026987539,0.5644982040474971,1.280598165706278,-1.1617513001764113,1.6813291850139809,3.025278783925181,-2.310447357831208,1.214245915509903,2.908557757751241,0,Group2,TypeY
-2.5411437415421285,-1.6349498756470775,-0.06358347545965592,1.5164239977222445,-1.899189265796909,1.830968720652644,0.04907374724143976,-0.3360666965057405,1.9279881440602469,0.2688049344392308,-2.556587984422224,-2.544292399135311,0.18561812111157283,3.622369544224196,-1.0091685781336703,0,Group2,TypeX
0.5114011543410822,2.3396393774916344,-0.9402220888263759,-0.5364059199100608,2.1769360554032855,0.014763522203793844,2.663055242174897,0.7903910765354696,-3.003312566651854,0.5205124966282796,3.093372155869811,2.660123809036541,0.3807737393705588,-2.448120230056611,-1.6999247098177377,1,Group2,TypeX
-3.1936142445680415,0.9967414496912566,0.6299977364373689,-0.050942378441177105,-0.8071544175313865,-0.5032316301863844,-1.169047863162805,1.1760109851977065,2.5009231659267988,1.134768614866765,1.2868923278237425,0.4791048373445511,-2.4219328240954656,1.024632774090008,2.082405810692467,0,Group2,TypeY
-3.4889211966439992,0.12483042624413576,0.1918403346416344,-2.576645511047236,-2.227548285220733,0.9909037791091423,2.8300394325116915,0.3629957034326874,1.6135894316324815,-1.173630392546798,-3.015195115533545,-4.312661473253774,-0.9189377958050347,-0.26206364457678166,1.1341795509548835,0,Group2,TypeY
-0.9771923554285538,1.37453031071091,2.6972231625996796,-1.0751886930671903,1.119838872747012,0.08473170380293227,0.8969948753358805,-1.8559332871884366,0.3796096423750318,0.4862873047408947,1.8630045880903263,0.3213609777723439,-2.116342843736862,-5.363205175023389,2.385363057187438,0,Group2,TypeY
-5.726696025898848,-1.411343041940501,-1.1938241895496713,2.1553784914410894,-3.0325471236336203,3.5449491366914994,3.589633472872494,0.02250038824543957,0.3879916806992382,0.7637997723632599,-0.9306955391424875,0.1502348583404761,-0.6133326933625725,4.248886936016432,-2.1889251757790475,0,Group2,TypeX
5.012863278012497,0.5610447317785944,1.8553070612652593,-1.2053585016320372,-0.8419393959831164,1.863364429151809,-0.9657933319476212,1.7347627931235772,-6.817416504270254,-1.0704682430200712,1.146434928977055,2.9067179766253117,0.6916727240308693,-8.353754862297846,2.472412036317352,1,Group1,TypeY
-1.1907382561800122,1.825737790101125,1.0166758076559017,-0.39181426517963247,-1.7133642230968633,2.3485327137340786,-1.8423689667098877,-0.24266646142712253,0.25433328514221965,2.580291898690775,0.1924843707212558,-3.6181547521748287,-1.3069800458646275,-0.15979600489237708,-0.6814859625739047,0,Group3,TypeY
1.057266859571483,1.4198107465289929,-0.44725136868345383,-0.08382128506015762,-2.122010952763833,1.4203115119318535,-3.6030450457950707,1.5480082208186925,-0.7428145544773961,-0.6284426891553463,1.0018936534306915,-1.138717052672395,0.11948795381925748,2.169080361434289,-0.7210229410683524,0,Group2,TypeY
4.757595905275401,1.9523604753914046,4.102161940959935,-4.380987568161323,2.5401747385460482,0.9201046174742686,-0.5559203977630109,-0.6295942318637977,1.1936030210729207,-1.2325890641689152,0.10973972918629094,-8.00165558977223,0.7349150446843051,-7.830574138518805,-0.07289457531498011,0,Group2,TypeX
-6.433132922138534,1.5945210403289596,-0.7185465622780007,3.6718896970944312,0.7643388426500366,2.224263797796997,-0.1433606933151078,-2.52345736251247,-0.188670117768865,-0.30093529297013316,-0.02721893780635698,1.3843777806676563,-1.1583256851456842,2.1269271871107214,-0.13772164862147118,1,Group2,TypeX
-2.700940384747923,0.9490424327827078,-0.4842886969528498,1.001343056072001,1.7311115541540758,-1.7537353680806116,0.8730606443900408,-0.8136645751375527,0.591274655464477,-0.7696664090113885,-0.9362608130361629,1.1956816168852382,-0.8034737700287276,0.3543022563085208,0.9274399195785215,0,Group2,TypeX
-0.03305368310521757,-0.5655106309832061,-0.525159698141815,4.317876710200849,0.17193101325324056,-0.04232063738065395,-3.496216660482346,0.6227691252275501,-0.7071527391300512,0.8233568294771726,0.5977947514586135,2.6172624884841347,-0.7822176642357025,3.0135278314729446,-1.5651738448932149,1,Group2,TypeX
-1.6727078652549376,0.4340034683309286,1.1486702845829115,-1.8237717810689134,1.716917050913541,1.3152117660856977,0.030158035328233357,2.44125584526534,1.520074414325585,0.6095098962124401,1.6122712453084032,-0.5438786291492612,0.19440329884347252,-3.366359845623238,3.223951539330735,0,Group2,TypeX
-5.419760314024278,-0.2583588056115065,-4.6601726453867105,-1.5521646519275238,1.1245597489475472,-0.22626535782343615,2.2664377773470483,1.298693290993424,0.5011322746655278,0.28191802075105005,1.8159550108565328,0.9123587444330814,-2.361662824547633,1.4704352246372834,-0.5830546371032869,0,Group3,TypeX
-6.4005300850034414,2.3084905709635253,-2.8357435505412143,-0.3443102581419526,-0.970806141042315,0.3067211126188337,1.5477463986031812,1.2237936225131651,2.496296590706297,0.9492964983753157,-0.48951954325379377,-2.9684513939200308,-1.8338667564073274,5.618136973146067,-2.3122965302323495,0,Group3,TypeX
-5.2632746583643915,-0.9057483437658416,-1.9084809869892405,0.12504082363141444,-2.357364556484238,3.0442115170291912,3.058336825326104,0.8656746511673697,-0.0996356939365326,1.0813169577685364,-3.3806321859207134,-5.177891849688448,-2.1222222635056336,1.686740303129021,-3.3874978209094735,0,Group2,TypeX
-2.6339427701045848,-3.423852868832195,-0.4133123869097294,7.501492222273618,-2.262946898714428,1.506156641029273,-0.7832345410153894,1.2724283828165954,0.07809165613141222,0.21740585272700344,-1.481870611564171,4.838292331948766,0.3751508680076294,7.396164884155957,-2.259742826369201,0,Group3,TypeY
-1.4022187576246228,-1.0696987276212355,-2.5754945219264513,1.8463161348979584,1.6931802515331076,-0.28354642278434916,0.4154928806987872,-0.19280608730741247,-1.6058214999302138,-1.3395179235650372,1.395365001602596,3.8937028395956736,-0.34123847317509504,0.8444100752950253,-0.8614183484940712,1,Group1,TypeY
-2.652851489969805,-1.2552179176922575,-3.868929940350784,1.8804272881612647,1.027029075705435,-2.3036389647748643,-1.5301549863065285,-1.1169408841023638,0.8936026439789129,-1.047774946139099,0.24969791542729802,3.953522791655284,-0.3783723412638147,5.154811254992614,0.4998492396049419,0,Group2,TypeX
-2.252340848469838,-0.019063732811111622,-1.8328256630800044,1.5124887994655865,-4.74526820726536,-0.4151528223713228,-4.404415417229765,0.5849534930864443,2.7391057817649624,0.056706648839265496,1.1451469767334301,0.9709898312563277,-2.099950246680571,8.832119713768806,-0.5088219034107335,0,Group1,TypeX
-6.425611484284652,0.2327461353019027,-0.9303746639357695,0.7728332668974662,1.5692006762695923,2.128034018976411,-3.0700836233470774,0.09502788527207305,3.7573834513842836,1.7283293805663333,-0.9451021728211335,-3.039234346325677,-0.6005868171958282,2.1098630038003328,2.5757336736166865,0,Group1,TypeY
-3.931080132612898,0.810024128147544,-2.391820212006426,-1.3137419162358444,0.5911500472723226,-0.7838778322611766,-0.147664322612427,-0.422495895432434,2.927481037870496,1.0277187487795334,0.5150249203028643,-2.307982770577207,-1.881359879698004,2.886044237551856,-0.559265979440753,0,Group2,TypeX
7.396582586153331,1.7569051763246908,2.328123699706297,-3.2171137005616806,-0.9054331440812955,-0.6644395157660112,0.7686683466813422,1.182900489387524,-3.6710046603832227,0.5069763458281417,3.7926356152425424,1.9749676011024455,0.7187416450578241,-5.7112817989800835,-0.14885881957970892,0,Group3,TypeX
4.424405861463791,-1.293305926242319,-0.6483879292093779,-0.8448138226188358,0.24573404104672636,-1.6191857318577778,2.553306534189282,0.21671964212288297,-4.8867191342956025,-1.4168235279491899,2.854005453501638,5.40837514696796,-1.0881938470435872,-4.983238468280477,-0.9422422118354793,1,Group1,TypeX
-0.888842201945421,-2.983556790776511,0.4599623263662074,1.0959160921079072,-3.5698968235811743,3.7054590178277507,1.5967440212145658,-0.48171705093552597,-0.4168090364024557,0.24260281305494147,-1.2853249427772258,-1.4377740156898882,-0.1094329711373988,1.1489167942516703,-1.9094185444317644,0,Group2,TypeY
-5.627140189023854,-1.0517364804988287,-0.7942042814260052,2.0423864938243073,-0.7736050281915641,1.0528038304317568,3.5742547842345367,1.5407523765167723,0.6145321084277788,-0.526482354794923,1.7085926104056273,3.9072731970815684,-2.3303920438171257,1.5677932499375427,-0.19128167156020537,0,Group1,TypeY
3.0535916083921295,0.4238916709395546,1.9843762672353955,-1.8274713746295848,1.8234662884287784,0.7410695474481619,-0.6584115336897579,0.37120676347005876,-0.9709230193832383,0.01823099713711716,-1.2966282504488178,-4.033904927605356,0.8405906612627618,-5.640857818258515,0.4655097984647184,0,Group1,TypeY
1.631198864197168,-1.4998328230898008,0.8980790912110518,-0.2648036465919672,0.43492430878418153,0.07857154422962087,1.740194013255659,-1.771422551443844,-2.0253017524465813,-1.2298831152865406,0.18009963286771413,2.185486945473475,0.10431609843944711,-4.092602386711363,1.1292971389312125,1,Group1,TypeY
1.7283394135054113,0.6974935696447109,2.526022032896096,-1.7325097444666437,1.0535503314641725,-1.4516059680438937,-1.9551623551746915,2.426178003841775,2.7990054356379006,0.3683520038409712,-0.9528091233774634,-4.714816653193492,-1.2509778658485624,-2.6611972315037873,0.888929103189186,0,Group1,TypeY
-0.5938001343399195,0.7615259618282144,-2.382120068147694,-1.6622264075725957,3.5699807674904376,2.368244158241195,2.6498801950750335,0.7091143896332839,-3.7902303478979626,0.16222321689883193,1.8546040095978926,-1.904604063536934,-0.6543623445393206,-5.641011381884351,-3.2149630446297675,1,Group3,TypeX
-4.562949399036309,1.1970978702988495,-0.12666362552779797,0.31973885684199055,-0.23600476763473954,2.61437946591637,-2.379291526515731,1.1469628682551696,1.8531820310662306,-0.06487144105336112,0.5292473315864339,-1.9879560304757786,-0.9496111944496265,1.1724161565829896,1.591119789096961,0,Group1,TypeY
-2.604160468159498,1.2502581392405667,0.8121922886276558,2.314490973926974,1.1287444345250988,0.4144565115442972,1.1930473895901308,0.06578468947474944,0.4572469035793183,-0.6008296390959147,-0.2128769735114936,-0.48248496393518747,-1.186951105620504,0.39382507392446947,-1.8541473059309426,0,Group1,TypeX
-3.6944354311813687,0.9561810538447248,-0.7753588061289876,0.6176526814992571,0.37454669475424396,3.285738380892989,0.9908811397502468,0.9669174010754679,-3.6275259060926066,-0.7230731049121446,2.296271380425624,-1.000170241739195,-5.1119965531119735,-5.419285637981252,-2.6481405823128106,1,Group1,TypeX
-2.6791735971361765,3.5696447034955483,-1.4787147620383514,-1.4456024767528057,0.5873203622530592,2.212564005441435,-0.22346741153284955,-0.6633383235123018,0.07269647991755024,-1.375149392040303,-0.5277381569461375,-1.760869444372749,3.8916783556369428,2.7536149669040784,1.3555747328710899,1,Group3,TypeY
1.2366752275521902,0.5652856295821883,-0.4334976363056031,0.594392242584033,1.7839005881977594,-0.08789434988157296,-0.3403682461186237,-0.5963246890919207,-1.3884009138723583,0.5286348153345591,1.0791621715372282,2.2011271329943316,1.7623904903890835,-0.4746931013242746,0.17594949898242151,1,Group1,TypeY
2.6628728554600434,0.30901143757041627,-0.32810226229289685,-1.202214339640224,-2.714407480293553,-0.5977224463566355,-2.4817666179375086,-0.35991109356667156,0.7741268287299432,2.031158713073231,3.0868210409429717,1.5273973252987898,-3.683534579923542e-05,3.116406733021939,-0.08991705311469533,0,Group1,TypeX
-0.5845731659977866,1.3407180635873892,-2.0056096712476696,0.4190326115364371,-3.141613221577812,4.518070079153063,-4.364035331414851,-0.8343381865826627,-1.2794901205002311,-0.691054377393896,1.0734131075305617,-2.481011814402364,1.288343362517037,4.672470330224446,-2.113964880281585,0,Group3,TypeX
-1.5579153355411588,-3.3501393595880025,-4.382092234935387,-0.8231394101598346,1.6138604237524747,-0.5353787446643976,0.7764954136356067,-0.012365938242364536,-2.2968512547923368,-0.32832094269055984,0.11045407689952147,0.9321683394288572,-2.994385932868829,-2.7022865174726283,-0.8647062474506243,0,Group3,TypeX
1.8680126625922526,-1.7007604550278765,1.8996456495988179,1.660433706212409,-1.4147216699630363,2.0091472272891604,0.4475141760778363,1.198225393201287,-1.9867922107038547,-0.28554162530722377,-1.8830851771078185,-2.129412431228519,-0.8231907313685995,-2.5026673034372804,-2.4964839762606617,0,Group3,TypeY
-0.5731392966457085,-0.9398372950150702,0.2056523762713829,2.3867360314612434,-4.316707199543992,1.1225881217673572,-0.9855396868715389,-1.358256986122487,1.0334610846215866,-0.09216581082147648,1.861057357526695,4.416141439513926,0.8706242122098238,6.530623567477106,0.15710855904256227,1,Group1,TypeY
0.6164889675793704,-0.5123958406581425,1.0372005248338483,2.5265455466274096,-0.7344331436431277,0.9078499125176276,-2.1624116344114115,-0.5491264809895774,0.6601014318922662,-0.5944977224267224,-3.8560758426986133,-4.962137049407047,-0.08102378313194047,2.0758819140465734,-3.077345015832,1,Group3,TypeY
-1.1038081068936747,0.18301996896187445,0.12988876795398152,-1.7774753043893772,-1.5641952599594247,3.5814504022421056,0.13676715255488658,-0.5001526812147293,-0.4764275125094106,0.532022432272786,0.6757369177648805,-1.5276431558366743,1.1602972598861907,-1.015916343486096,1.2608182217141632,0,Group3,TypeY
-5.328333333654904,-0.06076875817320204,1.2615894356401958,0.3963089895909694,-2.156504768770561,3.8264913515076406,2.5568682201754225,-0.31830101410433403,3.4125125801533214,-0.5416207633091875,-0.32685835778850136,-5.177803998858156,-2.0832505810127477,1.986016590760763,-2.681866731292501,0,Group1,TypeY
-4.910155118981607,-1.2040337915741812,-4.290651806067412,0.11514341161861308,0.1584474130392859,1.373923349906899,2.447906290249876,-0.8853264322180604,-0.06912197486888816,-0.7726368896531003,3.4231513596516048,2.1178475201094544,-2.5529248997388807,2.4033436586272146,-2.6784318688144584,1,Group3,TypeX
-3.6215953446598057,0.984290860294045,-0.22382773758255592,1.0681413774971693,0.21966515353966343,-0.1782977230969478,-3.121549571031783,-0.6059900460849119,2.247762669295809,-0.9427752402304745,1.5387269347172174,1.347672461177998,-1.799196613996083,1.9424991021240636,2.501054645745798,0,Group1,TypeY
-6.358130273121484,2.2508340404355263,2.5865823180689835,0.09716838636373915,-1.090731151885556,2.479363485365975,0.22731932228739304,-0.00836078727145676,2.7492385562593005,0.9758368916238178,-0.38007877026107084,-4.670956979277812,-4.306026208889706,-1.8302747543771476,0.7955277492737647,0,Group2,TypeX
0.6967059532306503,1.4063239034412292,1.0474807715240104,-2.6089030472211157,0.17907426035719376,2.312899878823697,-0.49536415996892214,-0.5442744329245381,0.4720930220237384,-1.0777439349303435,4.051416851915652,-0.3122261988439044,0.8228019939007045,-2.3855236825502892,1.366239422148584,0,Group3,TypeX
-4.220867064303692,1.9688561519878935,0.5237599991697923,-0.4411625949141077,-3.1476096395097435,2.620911326829491,-2.8268421400583787,-1.4439289224922272,3.619976216990373,0.019290880373942807,0.6738726265853868,-4.838279776080565,-2.3007626468693854,3.9294743329134607,-0.41759689505745556,0,Group2,TypeX
8.16769371354583,-1.7110613827597771,3.7022783592448643,1.7991902338273524,1.721224840231462,-4.305423121475589,1.7879099377941146,-2.9469042192840145,1.4936509507898683,1.6047350122948532,0.812034811807884,2.9940286135724317,2.602739302595503,0.3014544952763035,-2.4873884858351785,1,Group1,TypeY
-2.2420393034570965,-0.9148524616033882,-5.1974561829667145,2.8209741948017704,-0.2587238281725084,0.2791515336209137,-2.4432650059960803,2.3016748520507746,1.5561303212964996,-0.7631063534454757,0.87434554664279,3.179479424262369,3.4273730807220737,11.351271057646533,-2.059430386030228,1,Group3,TypeY
0.193862234555954,-0.2181539958395161,-1.863629435339118,-0.25240370888087416,0.75016281637968,0.2947243836168447,1.07594811421166,-1.038540857035756,-1.7338760445927437,1.1127981956129065,2.489340797098799,3.4890669252445266,0.8743616178241669,0.04906364011122059,-0.23682042148946103,1,Group1,TypeY
1.0359553840892906,3.0484467918683364,2.156367389803087,-0.5763078821705869,-2.3624433491031835,-0.25396919559034425,-1.7368367283725314,0.6104398198094931,0.19070837120413797,-0.03540743904535086,0.25713670103213393,-1.7487059539716692,-1.0968699628554748,0.30512564318671,0.03402571645205121,0,Group2,TypeX
-4.2054373952872455,1.4093297402706049,2.7803775352020526,-2.8125424043482714,3.369863298126697,0.9234757406537638,2.023451361782148,0.23787515634886738,2.807497827592962,-0.25460798601388357,1.1466060986955595,-1.5700600461607226,-1.0987197469241496,-6.964417818929398,5.381789190462192,0,Group1,TypeX
2.139799742855313,0.04398397578000013,1.0480200651089757,-1.7174786185211395,1.047420172612033,0.7280990811954,-0.6168993262323847,-1.2896760979610558,-0.747308039025421,1.2537347862197346,-0.04872077688086174,-1.47361673264453,1.124251591907791,-3.7691880433645317,1.4065800730750408,0,Group3,TypeX
1.244386060877607,-4.821516603159772,-2.0689852802155206,2.919116874039265,-0.3428967362589488,-0.9189835732105949,-1.0751321997247687,-0.4384273672152734,-3.240023084267346,0.6116015615496833,-1.2573914181311052,3.598356286488976,-2.458313195706973,-1.191339006877862,-1.0782471207523083,1,Group3,TypeX
-1.9906092051726836,1.2919642269962464,0.7676006603054907,0.15204353942608217,-3.6960670987655724,-0.3034430364292078,-2.743428940760637,0.42136025430670854,3.0186957836790476,-1.0152923742498159,0.9565263344698796,-1.4976855091488377,-3.113252631813776,4.139344044113501,-0.05404503655268078,0,Group2,TypeX
2.366142504543005,-5.152137966150008,0.15612386395866718,1.1993307627617633,0.060463581877775896,1.8493158714431255,1.0250050970039555,0.38714831606090655,-3.4368286915769093,0.0005599923396953997,3.5809605627068057,5.224346352015553,-2.1920709779389242,-5.875838659094198,-0.30850878643552415,1,Group1,TypeX
9.153025164578695,-2.743985112623819,3.050379070349227,1.4755598145716942,1.108580269410227,-2.065265400999059,0.5509848269905246,-0.09734596889273275,-1.2803302313282978,0.7787743079777822,0.6576684833485058,2.246408750426489,2.4230052243844904,-2.3365033379851488,-2.6663268104276643,1,Group3,TypeY
-1.3585508799861585,0.9223071436817762,1.7656674714882277,0.4693605603163431,0.22508826277965222,0.8172190532962883,0.23325488395860527,1.2374645917335385,2.0182741600724055,1.5783426774972855,0.20181382163890205,-3.1771020488273836,-1.5951721050973988,-0.3437648269367274,-1.6016526966205915,0,Group2,TypeY
3.932265448968521,-1.0553290805552558,0.3496753005802751,-0.5489859238205861,1.8292164715551245,-0.28055530576416976,-1.047214359433951,0.8254145978230849,-3.2858567987245237,-1.7262139619578896,3.744394492922692,2.3097114504257643,-2.3959529905397257,-6.692913014005904,-0.706966529023308,1,Group3,TypeY
-1.039826270256246,-1.5649242156758154,0.2614938332948231,-0.8131613806342606,-1.8181281168330319,0.958873817731988,-0.398281651978156,-1.0878930121092583,2.6992986387922056,-0.6842421805152435,-1.0215420627364569,-2.1094741672707342,0.3619789685387944,2.1827773557706687,0.9427068930420923,0,Group3,TypeY
-5.1446694244703455,-2.9360549609721467,-4.895054740301051,1.8827285798157791,-1.110142424266518,1.432383520331134,1.1364457854030108,1.419064413357521,-0.220366877460497,-1.9495901727260327,-0.059791156608623997,1.6842839235219713,-1.620251588115607,5.017616758977282,-2.409512709238485,0,Group1,TypeX
4.850451576061679,-3.0173381146896987,2.3930542170982796,2.7933768608593317,4.0922075519921,2.296651959340081,-2.6998766630188715,0.3162737802597137,-2.714441627602795,1.366214785205788,2.737797677955238,3.1987613541129356,1.6510760410972893,-6.720093092113637,0.5077049803735021,1,Group3,TypeX
4.418673696904339,-1.9849318418619903,1.6951592259781951,2.6602432772704327,3.731654229683649,0.20504998207142222,-1.883965647320661,0.7639029085756444,0.3380614888153841,-0.39039446711714254,0.2407633035748341,1.4303330794021942,4.090444637621109,-0.6387201255860292,-0.3167169264383829,1,Group1,TypeY
4.242383438813161,1.3109886611919144,0.5004865815525599,-0.3229663974305996,-2.37984354175254,-0.854340286548477,-3.366665074828372,-1.6840040177961646,-2.19435583784114,-0.7090289023149722,1.14107741634953,-1.6441665612984775,-2.80232007171497,-0.845924716463711,-2.8785927626628203,1,Group3,TypeX
-2.5168482868116007,-1.3600408779893456,-1.7519941258835372,0.08189682544955246,-2.553513724314448,3.0167495640410023,1.1338130376869269,-0.36123019291437297,-0.23711537827068718,0.12249092537445466,-3.043099725873772,-5.1778967085871175,-0.7336967657110928,2.3776433000486157,-3.5234688903845384,0,Group2,TypeY
-1.3972488521568158,1.472367377011977,1.9096439323742693,-0.10383234105335337,0.35503182577351544,-0.8556186834420803,-2.230415225863779,0.380067440573832,2.8006524135706226,0.5711026285913683,0.661877483949292,-2.289778486376643,-2.8196104560777266,-0.8285971167206196,0.9684357135762703,0,Group3,TypeY
2.1834164008194388,4.4599655661978925,-3.1398003335050895,1.0756038530905214,-0.20690157455463054,-2.907106161144056,-0.8763202021456766,1.323340922489938,-1.489962741689436,-0.033068001361767865,1.1757465923257144,0.2883842372331271,0.822094396450247,7.2768331276793825,-6.227177550045248,1,Group1,TypeY
2.552128648995139,1.481988396234772,0.5573180076325014,-2.3762495196528706,0.107499942041698,2.8603820500806147,-3.901566389505934,-0.48016228319304444,1.0321868756446828,0.030140661315177376,0.6456472812624766,-6.314425857558473,2.0158913663318745,-0.25986450377266496,-0.984336259691543,0,Group1,TypeX
-2.652426427288772,1.9367394225226713,-2.0150182870387168,0.5505764474561861,1.5514123915568154,-2.4140067855314262,0.2317928120790248,0.6389568142127453,0.520668074567977,-0.7084881015290911,0.7854595059696665,2.2214782442023875,-0.9414933170057764,2.4206323337148663,0.11214665834653115,0,Group2,TypeY
-3.3040780068087,1.7264761583069204,2.039685357380447,-1.5622548440797015,-1.4345470207223432,3.236719164943207,2.5994433664901284,1.465835978602963,-1.2990813856177352,1.0925378336083031,0.944057942520457,-0.4208816447875979,-1.3924743834639608,-4.763461983166818,2.3480215697533007,0,Group3,TypeY
0.5284576707444433,3.0270951800799946,-1.1578137752640631,-0.6571933932183407,-1.2779413778189261,-2.7883270102527353,0.5032659406963187,-0.7228347951782497,2.169398976485977,-2.17554877698757,-1.2488490006708304,-1.8909530614664534,1.6372505879028112,7.073136743377395,-2.587013750650392,1,Group3,TypeY
-1.8376657562127698,0.6550252670171017,-0.628489780148,-0.7154395559517663,-0.08275748974058006,-0.6034490073057588,1.302915964016612,0.31552294092025324,-0.5757553902767492,-0.04785892765275731,-0.3096276517711004,-2.388747462340715,-3.9600043016609847,-2.1583114410894195,-2.0196671652853704,0,Group2,TypeX
4.174648481376577,0.3364883655598594,-0.14981620547143804,0.09697511683681115,0.35587047933329363,-2.153748197582168,0.04067534881155377,-0.6975419424751146,-0.5762456618842013,-1.6188225719864404,2.195090301840159,2.0691465817530483,0.6660212637753494,1.2344833045106776,-2.441745411423841,1,Group3,TypeX
-2.326255211718817,4.528394231776376,0.4841793870973403,-0.2049616687082907,-3.498787266625811,3.169389566826829,-4.357654208491455,-0.8072156774844398,-3.649177906973216,-0.05786615921434102,-0.865938026487572,-4.208778735542912,-3.7008598852786108,-2.1930490859755682,-0.053477963891852,1,Group3,TypeY
4.404687655139666,-4.708239133150558,0.8775046074177465,1.9004252458407105,3.400291953474411,-2.498579130169168,3.220041439485031,-1.3070983443991324,-0.6478927828539247,0.18606843247054689,1.5641062739579459,8.166017332319353,3.228734825222603,-2.265667705585801,1.5643548672177792,1,Group1,TypeX
4.847238027419562,1.3154486283424702,0.1750967142712896,-2.037010693401824,-4.018943808562939,-0.008559355964750104,-0.9359342027086752,1.0175314239306263,-2.160278355954518,-0.46291637948632713,2.948832325571005,1.6837614366131108,0.6271225508696241,1.246262391801405,-1.105870186561098,1,Group3,TypeX
4.810620258121216,0.8899411335500245,3.5813126190327327,-2.968639679722972,3.710355480570179,-0.8097702275893537,-0.015853306468851747,1.68076571338819,-0.2032546763864269,-0.0022462017571209794,1.7748532756140545,-1.6461366896610417,0.5466114513429519,-8.763647250417064,2.048785640919181,0,Group3,TypeX
0.2466318896931918,0.4364398175735804,-1.3525354400985807,0.7731193206172713,-0.3871562686248087,0.3052970767340455,-0.7446575522962571,-0.22467990162987012,-0.0343355369187911,1.0750212145109097,1.2169182643147114,0.7140343204155327,0.8212179207862822,3.3879688287555116,-1.9153578984547561,1,Group2,TypeX
2.951867013423786,-3.033485971168933,1.076666785743793,-1.1180675681394159,-0.4521256870546564,1.2636055065204355,0.903747973598181,-0.38749131490543404,-3.0625138440519715,0.7125044420921607,-1.1944837054632849,-2.8576809066334574,-2.8537493783026386,-7.487703481670197,-1.5561259682807131,0,Group2,TypeX
-2.9541777493884878,-1.0975806320501214,0.8347512167258506,0.24515599944303124,-2.2387642136111454,4.797790900680392,2.4075211544051447,0.9308873827918375,0.76312596634964,1.8105224784209932,-3.6178075320251253,-7.09598541540041,0.10559134559484828,0.5128611469386314,-3.154826623073003,0,Group1,TypeX
-8.101278701498599,0.8958993725878777,0.19762363965219132,1.5324218498501923,-1.1158029089505432,3.26520319061649,-0.7404928573666936,-0.367114170072311,2.426704296712238,0.03158900615257829,0.6714307141353273,-1.0039806670294786,-3.0999630016179505,1.4017073382148275,1.7024794164589843,0,Group3,TypeX
3.7247927105108696,0.70174400729014,1.8555362153372563,2.305060413410227,1.7760752365973236,-2.3894249786864874,-0.41643521941825856,0.6555543582884528,-0.07210127420910373,1.805668878116265,0.06916084985428683,0.8857556667030361,0.5590838271886602,0.19076056893967394,-2.426620629157223,1,Group3,TypeX
5.377097492550505,-1.2116496743637875,0.7968330748573162,1.0234338178672848,2.699266904703567,-5.510157818808954,3.7714029543867955,0.34961533102838527,-0.1097603551008286,0.13349941906137147,1.9530103865837696,6.357187346704604,1.3892931577589647,-0.11422413442768281,-1.557087089745326,1,Group3,TypeX
7.01555793269041,0.7804618340922724,-0.2944783635423003,1.0183225116022834,2.4426339548804616,-5.3099379960780055,0.9148844992046576,-1.277371133550618,-1.0535509565436005,0.9109070350337493,-1.1738911968733583,2.4528491424911842,3.9106144575421595,2.7612221144515123,-2.986781503033562,1,Group1,TypeX
7.822016478352024,2.2681321140691684,2.1734980158058517,-4.037369817005384,-1.297547689606183,1.7476354729418224,0.4529110182916347,-0.8197150228673898,-4.56998763433317,0.3362629511858955,5.179081038492743,1.6056469673612814,2.263544102297184,-6.045618408661129,-0.2122675185260099,0,Group1,TypeY
4.937863655049994,-5.3037296812402035,3.297086628872106,1.0664306532397425,2.2175173403518507,-0.6189800410490637,3.8688771974540366,0.5065876716972757,-3.6435306132244487,1.1119533608604089,0.7315128214691773,5.689301661723145,-0.5673411618263753,-10.261179245893342,1.74086796775285,1,Group2,TypeY
-6.035594369316862,1.1436539874857299,-2.7073458131888635,-1.125572443706508,-0.28534358824789086,1.4318145440413266,1.5540798598676178,-0.3657807453020064,-0.48481443744408104,-0.07158569289387905,1.2976759389182373,0.8358417797972764,-2.2116166930197294,0.06594649084358124,1.1616922517926733,1,Group1,TypeX
3.3923063555866078,1.6194283902692992,0.5789379038002982,-2.034506841845252,-0.6038141386049432,-0.7256529347044303,0.5887771516337472,-0.6937666074967505,-1.1263811628750917,0.3424508791769014,-0.6224968427454469,-1.6138846483398124,1.7160469821801665,-0.7087751061554669,-0.6728144843521937,1,Group3,TypeY
-2.112706475404417,1.0271369578637517,-0.5526017595412892,-0.3560979022338946,0.29272256901673677,2.532289472760642,2.38491913421836,-1.9873102297264285,-3.8145964697644126,-0.871590471068428,2.211001031907336,2.61458928469931,-0.9344976717573084,-4.293099066219996,0.5095909749588341,1,Group3,TypeY
4.291864578375178,-0.42307405815009735,0.6196059616686544,1.701270260432285,-0.30686184072957823,-4.612975056142062,3.3585029423080166,-0.2805717065985525,0.5892321537142655,-0.6160275437179559,-1.4066278954427451,3.1200683016077466,2.37166856073734,4.5751736327914285,-2.982764976604425,1,Group1,TypeX
-5.965144322189028,2.8526648894267668,-0.4514649537393427,0.1828381286473777,-4.375092706062021,3.2976649928885844,-3.354038652449494,0.8509826785067651,3.21013797958359,0.7573042237747472,1.7171425367381934,-3.2693562647282466,-2.6262278190749764,6.177977281495668,-0.374306895880931,0,Group3,TypeX
2.299515557321308,0.4705584877703266,0.5356810268648469,-0.15126915725676282,0.4649480790880548,-4.029984707818448,3.147048704441261,0.5399509007551029,0.09367370644866724,-0.42999140861483903,-1.2336080540829402,1.4052451423490366,0.2420467139887763,0.5344758575978201,-1.2094231337748724,1,Group3,TypeX
-2.739381048809475,0.5480511653868247,-0.3592365067231251,-0.6835317192143879,1.0229804504462399,0.6238195929429078,2.750706560447467,-0.9939209291753933,-0.7001217460826961,1.1529132562048097,-2.8161223947250047,-2.7847995951986686,-0.44420487253969954,-2.290787716307726,-0.14258963172382688,0,Group1,TypeY
0.7314504545822238,1.2568756610497869,2.4298067222641517,-1.2677814474290163,1.4750197820879403,-0.09950782216840381,-0.5017334150985876,0.9772633703031223,0.42630545441653944,0.17969538110620695,0.7354252867103447,-1.6511196388261768,-1.1280296719950398,-4.7940803092101705,1.5709133442265157,0,Group1,TypeY
-0.3395130892610703,-1.9160205657119063,0.2724677105587987,2.7131284187743825,-1.5783119876291152,0.40973278565325766,-1.0961790760142294,0.9719303434406339,0.6407126825466778,0.14342893703732443,-0.8267505739392534,0.7331259289590876,-0.6731483354142767,2.806335984965058,-1.1609962941661895,0,Group3,TypeX
-2.3093157016744708,1.9897976899958296,-1.405337999733122,1.3338204757363974,2.558143906744106,3.550907326843849,-1.408077576504501,-1.5069222991380136,-4.904737055832809,0.1462147963775593,-0.7805503803144713,-0.9064146020693135,0.3026622140641635,-4.208085505586005,-0.15936149067939975,1,Group3,TypeX
1.7014340521037001,1.7053705611770078,3.741196591656659,-2.8957619984930165,0.7229656827066788,0.4009032435457083,1.325254983009735,-1.6133682362049397,0.6532374912353782,0.007673193321506307,1.4158879499470793,-3.217083451267855,-1.4541942029369581,-6.583765693033096,0.8556717062964861,0,Group3,TypeX
1.9396758625708874,2.218601462118448,0.8733937439215353,0.5444338239034117,0.9802308398956829,-2.2992625816341477,-2.3556434235645876,0.49982163597380935,0.07301843867875613,-1.9911401489546665,-1.742760937584253,-3.022539017063753,-1.0421902149213798,-0.13564818416946847,-1.6032692503126351,0,Group2,TypeY
-3.5886840057279743,0.1775212758401632,-1.1764654713500788,0.6445445285874326,0.39130249452692634,-0.7585132256894704,0.7351175388228961,-1.5772283709195007,1.5621359416325475,-0.8501977458146558,-0.155184328638741,0.4230718228919781,-1.4356156911664404,2.052042998286481,0.10049131010665757,0,Group2,TypeY
5.247179351395144,2.1052933327123062,3.1676555880184147,-4.3006666751404055,1.1223282249505329,0.48720411626942084,-0.6087159827596114,-0.599355705052997,-0.23229455060838355,1.2354317757568007,2.7492299937312907,-2.5879408937090034,1.3386448562513578,-6.335864791181179,1.4608275859460234,0,Group2,TypeY
-0.46960232678409325,-1.1811288460660587,-2.2324478588604144,1.0498489836301785,-2.816461862856614,-0.1917153603784516,-1.2004243004482769,1.6712624603036346,2.0692454819285704,0.25149366994199174,2.11863640154475,2.831702362983505,0.8269304240465118,8.019941338397903,-1.3410796170091,1,Group1,TypeY
-1.1912885781827236,-0.13898987823077635,0.7676731184952543,1.6738776469544772,-0.7937436363940074,1.7342610323500893,-1.2603164295224407,-0.5678078421841054,1.6379553147285852,0.5125436283994018,-5.03055757542235,-7.188879666955051,0.3641110069548985,2.5921874136880834,-2.8869942828986352,0,Group2,TypeX
8.102492494526745,2.0448792236423174,3.405374049439161,-3.6453971806494208,-1.3081835392777221,1.1070503692845937,0.3768007374194655,-0.1947896212832356,-3.555244244667472,-0.30530915351856486,3.6363250381083256,-1.065850367927525,0.8409371137972548,-6.75594335584394,-1.3528644600024617,0,Group1,TypeX
-7.904280186718919,0.9969584298201916,0.2936440788261143,1.5623226126744876,2.454276622069277,0.9775253008778104,-3.6504768262049585,1.1850069835830157,5.197270595919498,1.0615091571758442,-1.3587811375107526,-3.864138840100103,-2.6719733664027983,1.231003907204267,3.0773021395921836,0,Group1,TypeX
4.89565790556968,-1.4909410948644708,-1.1756701108240502,-1.3645016969328547,1.9057295183572736,-2.427890728561608,1.740744210479479,2.0565858207075958,-3.1535256116947465,-0.4708498301222839,3.4972962412983346,3.8304461004475896,-1.1817391548155782,-4.463998251697128,-1.8663851872979063,1,Group2,TypeX
-3.450425487733341,1.1540667451174649,-1.8719510133528035,2.2897042747184417,-4.336758452015207,1.3472898331786776,-3.3796617039640475,0.4685312569051241,0.08812063600365483,0.15226937580750002,2.3025891770829094,2.656453260160424,-2.290675533311638,6.726058371604684,-0.7407048981270263,0,Group2,TypeY
1.4394110176340364,-0.4844045511404236,0.916203639712718,-2.2147512118552184,-1.5547221818534824,0.5212966873075839,0.0008543022211928708,-0.6414157900234342,0.9199011690255142,1.110677684054092,1.9890555789461493,0.5035765972567254,0.39472757637452727,-0.7439100157326647,1.6816266749157145,0,Group2,TypeY
-4.8903840834261825,0.003901445698913264,-3.4067784448217626,0.7479103668150795,-4.043896650254711,2.2329501032127386,-1.5682934083785975,0.4528743267948912,-0.2751933075807065,-0.2662129504064916,1.1537048553961118,1.9101420510380316,-1.4403225353890627,5.915783903758811,0.14437611038447695,1,Group3,TypeX
1.1802164804066617,0.9250063594367,1.060101158004805,-2.3218680033578387,-1.8349619044561263,1.312484373685971,0.131534277796868,-0.689655504900944,-0.3127063963110692,-0.05321243627298323,2.491884267807257,0.304172982820191,0.1562120331039336,-1.5199347099729132,1.219629274475112,0,Group2,TypeX
3.140427132668201,-2.9584002735859904,1.0801042292368621,1.704790668966246,-1.062853517865494,-0.9468598992995185,2.0291649811913333,-0.7967812326691753,-1.6822877467269577,-0.4583983632127938,1.0425134391016682,3.507375565719234,-1.4221702394373215,-1.5880045211140401,-2.079305255048669,1,Group3,TypeY
-5.111862241656599,-1.091423209306147,-2.8664613447699545,1.8603591821044845,-1.3832514530484101,-0.5066016511384857,0.4798849382557413,-1.8190510153025476,1.7245038300063777,1.868527188073091,-1.9730289658253155,1.4780905874843762,-0.41143611204144626,6.3384470309498635,0.2742758569314674,0,Group1,TypeX
-2.655057670183676,2.542639514378936,4.580466165070755,-3.432566281366926,2.836493940531301,2.9351473178398284,2.245237093336527,0.07224913423620272,1.4268836095268365,-0.5621623419347272,-2.1818480475716924,-8.48608863289232,-1.2057391562123738,-9.968832074457334,2.5567226531099845,0,Group3,TypeY
-7.373574933445291,-0.2620775807169279,-4.551044652115631,0.929791847705851,1.0972074789635045,-2.3235381675690143,2.918872584286633,0.5212157911887249,1.3190563223226905,-2.0843316213428005,3.669754190288516,8.964885492019375,-1.5953656739214206,4.719915565390886,2.7612868083523874,0,Group2,TypeX
0.3073868784996697,-1.437072536011935,5.536986719462649,0.6853395750165732,-2.0486721112251876,3.745871751307998,0.5528173028276552,1.625330309075195,3.39255037238207,-1.361675030463631,-3.141538719654251,-5.648955583610835,1.8317973819171933,-0.9949751120178562,0.6709832469710801,0,Group1,TypeX
-3.7018536215356534,2.3965526662623486,-1.7697838960087013,-0.3650404316263174,0.8117440164543693,2.163432455185464,-1.182031313425337,0.7631423007096569,-0.27024704279457257,0.9224811702331092,3.2466141601131016,0.48989927950209006,-0.8117038071469169,0.5764064860677988,0.21176071214781222,1,Group1,TypeX
5.422146452815832,-1.4064414499396536,1.775858567144833,0.4225444603715973,2.000496366127245,-0.45490437025542296,0.09705295464197239,0.6418790614777692,-1.4025384658422366,-0.38309492115979377,2.1395382166473027,3.176682012213108,2.398883442306994,-3.177600999002628,0.10545848284457882,1,Group1,TypeX
-3.1928615255238952,1.0407648197302122,1.221942634445159,-1.5279103705744201,0.7366799584583039,3.5227990610925577,-1.3240448125538267,-1.55102618198332,2.2450264718970265,1.5051959988790395,-0.645913395362798,-5.679575224665135,0.03628406720244848,-2.016124046643629,1.5625518647024745,0,Group3,TypeX
9.684010531416316,0.7172871481314629,3.235847094011784,-4.902414484836391,1.4082123944163691,0.5666021497547581,-1.0354339207550751,0.37105373821536314,-1.6108065381799839,-0.734975101257266,0.40815835346211604,-5.691491674399694,3.2413138777634902,-7.516529918645196,-0.6584119857488697,0,Group2,TypeX
2.1501797207113724,0.16004233979937288,0.8106565445640301,-1.9609633329220657,-4.871714535248055,-0.655994343293685,0.10511846159041882,-0.47548474118944284,0.4264399704249269,-0.6638331028256903,2.304074137316516,1.60549232410843,-1.1702305315821722,1.9808568157504312,0.2562745802621844,0,Group1,TypeX
1.6689643380059405,2.1393740920941897,3.016239278569443,-1.68652360073829,-2.3199691025381415,2.1314931557928265,-0.0876783398811325,-0.5439834133726836,-0.8985728687934531,0.42737604547079716,-0.43420273712359014,-5.495535224123679,-1.6893739654980804,-3.637787185353518,-1.7832113309705258,0,Group1,TypeY
-0.2451293004850185,1.7874334864733115,2.016957077991295,3.349314318946471,-2.744229188722046,-1.2947691669949721,-4.417477428859591,-1.0446665306312433,2.431067729528506,0.4548758006638433,-0.6534345958409447,0.24637951858724827,-1.0768737488514957,5.823071638602712,-0.11488703522613386,1,Group1,TypeY
-3.5894259589585027,2.277805303361501,0.748318183335976,1.5516974135574246,-0.7169269151191167,0.9606940555064198,0.6975159218004126,-1.428067176105445,-2.726149269350768,-0.9080669707599653,1.0626704187390799,1.3905666064629871,-4.429244707352019,-3.3370545990678644,-0.2704081432766493,1,Group3,TypeY
-4.947463536033583,3.0872003692677543,0.697095682799042,2.614017408008775,-1.392507648208611,0.46191406310785277,-1.705977145370631,-0.04285624766033802,0.33587866933683697,0.07427369019014479,0.6665990660205136,-1.1552498985589539,-5.3537005687272154,1.0871439660514364,-1.673777195785297,1,Group3,TypeY
-3.833289700012132,1.7550446291982973,1.0561699094830712,1.1496944338623005,-4.673197657977644,0.44352182659538875,-0.18684379059903589,0.5881379513426596,0.2589406206993612,-1.3106457843043726,1.7175863363745445,2.9074090008726956,-3.719085755020341,2.3914089047293885,1.2835138178944887,1,Group2,TypeY
1.740537445369713,0.08811068424235047,-1.0762647509219085,-2.1915718730456937,0.2564139146043558,0.793891003220741,0.48529133328035823,0.08286484186899613,-3.327876585997056,0.4733366755549671,-2.0664805352717224,-7.017172978201589,-3.4804135136605376,-5.618779180037465,-4.5826720456822265,0,Group3,TypeX
-5.593721132405193,0.6037408696969082,-1.77410818111227,1.5630668767894327,0.15131769514644278,-0.2294365755178973,0.9336185050311417,0.9496414986165338,2.5041697967420484,-1.715093347182539,-2.3877332719725826,-0.44089538699094594,0.43911415577834356,5.396718672884136,0.3343795199402886,0,Group1,TypeX
-4.313300871972277,2.6525836189020553,-0.44136464520636454,1.575419137692783,-4.687281948041221,5.109855613631891,-5.083128399757175,0.943193303477794,-0.5910954373155636,0.4459477771253033,-1.8377154374218678,-3.636664255433894,0.10630295820722235,4.904172127284032,0.5038387091205929,1,Group2,TypeY
-8.052405364420814,0.9526920917802245,-2.8731979883471497,0.6922068522153175,3.4535964895019813,4.113051546716159,0.3753947332402845,-0.10069587281717701,-2.388960896690773,-0.9463138227477964,-1.319111098289194,-0.6898808921434412,-0.32221381857318987,-3.424703952160775,2.552191668751195,1,Group1,TypeX
0.03883313977477982,2.7613903657208807,0.47246064172500846,-0.3532237777210694,-3.6853992265222333,1.925129105774973,-3.395687675216664,-0.12064303412983486,0.17374672044654516,-0.3498853491230032,2.711875312508714,-1.5048455365988858,-1.468569521491218,2.884473025310764,-1.3611884402305385,0,Group1,TypeY
0.009686009751116336,-1.558590239531065,-1.7279596207323538,0.41194426189972333,-2.7255147388673326,0.6633571579936759,-0.9198777331870941,1.0825370086829098,0.49003867623738695,-0.660147867336476,2.9169124212352653,4.141089367781514,0.7012155257507766,4.808828573242096,0.19416130820593613,1,Group3,TypeY
-5.550451055069185,2.1004567926068916,-2.8031972485135084,0.7469849762588723,-0.8680421754577232,4.2007424620468665,-1.86977668108828,0.9454973046593947,-0.011707388651270079,-0.07939638138549375,-1.067346714961976,-1.1864004259836936,3.0882406419677375,5.459480324689751,1.1661760723783159,1,Group2,TypeX
-10.564074438192588,5.5698692740665,-0.5901249254864942,0.9953178490819239,3.1881913297467968,5.418064275254818,1.2367343951093743,0.6427171526314838,-2.9522797487213275,0.720639231357267,-1.4557438826114013,-6.399225810485437,-4.6128905835747585,-6.304762174154768,-1.2752890441323614,1,Group3,TypeX
0.6526823527526542,-1.5185790099630916,-0.3819849553122363,3.6374277403904283,-0.23096236782756963,0.966989090984976,-2.907108885096635,-0.8385806594815023,0.41076103119662655,-1.3099875117317676,0.5723080057114506,3.0626685982647284,2.2990581303195587,4.713614635202081,-0.38502657676136276,1,Group3,TypeX
-7.3261286956702385,-2.4896002093666216,-1.5943617944420723,4.176423682994823,-2.0409277704847444,2.2698079978592083,2.8400489223571164,-2.2912928068840652,1.7438193310994725,-1.1084970907967833,0.05348895364493855,3.7844486129029087,-1.143504812546336,6.074809078360612,-0.8449020821702086,0,Group2,TypeY
-1.4053118246347427,-1.1544722120846465,1.544746574267772,2.910702988935954,-2.7921863058543877,2.1874208248980427,-1.107834193486931,1.2473036506646777,2.3453815867734873,0.13549137231676192,-2.7131528984946165,-3.7024846476825934,-0.14659341699097572,4.521643236017877,-2.5474068597921935,0,Group1,TypeX
-0.3738392751684533,1.3972056446337997,-0.03301537798927523,0.2937164720618153,0.7933459922554191,-0.05637236157015091,-1.9020764414693554,-0.5237042828895252,1.2791621330928278,-1.3657959280509446,2.737962055954603,-0.13537465104674276,-1.1290687772649832,1.036625076475631,-0.9671705403628,1,Group1,TypeY
-0.6317337564149745,0.5112139824085973,1.640288440655978,-0.7016111696731824,4.922859119310542,-0.5583974749766476,-3.375001933713951,-1.6612044051839225,3.484788276016557,1.5498186063283395,-0.029807514106124255,-3.5478045547540322,-0.12603602944194836,-3.6540720438003347,2.8770017036617217,0,Group2,TypeY
0.9028540881504347,-0.5502884854885157,-0.7610437415564149,-0.1686255127558216,-2.6322619561560496,-1.4459780215770488,-2.9726446812027514,-1.812727965073143,1.7817199479912245,-1.0325332762094106,0.9310346408781618,1.1891378014747478,-0.5950301912849572,4.412900428528575,0.7053524566987293,0,Group1,TypeY
-1.523194511743159,-1.686724714121579,1.7418426270052918,5.273382364394834,-1.6574792260472329,-0.9446453025352499,-0.48533469205934043,0.3543093815188606,1.2517572346204582,0.9035206838035016,-0.042040958785697025,6.021662285919944,-0.4424665893913341,4.301402001173828,1.0173815329472644,0,Group2,TypeX
1.6088848227364125,1.1642993117995992,0.13634801326585522,1.2640459195566591,-0.15822418985143583,0.11427649971190768,-0.498435418720943,-0.6553275232007943,0.11355940861260216,0.1949677059907586,2.621781133653944,1.3960343833130542,0.8355480430943832,2.847507150557795,-2.6687264582082735,1,Group2,TypeX
-10.242883192359233,1.8835069838950047,2.878761815590952,0.3067050536582374,0.26895701407857775,-0.10758550279260937,-0.015334745855513199,1.3163448375195195,7.601766098619317,-2.9086607444805037,-0.7895659550495684,-4.806191467903134,-6.446244695237246,-0.09824030041341877,3.2216815278491855,0,Group3,TypeY
-7.53086320745898,3.728995297393025,0.45179305324921026,2.841313629669057,-2.4646307518861357,4.5680359671965896,-2.6021980113287833,-0.4617450413461271,0.11599863209492334,-1.3040031778366379,-1.1841600879231855,-3.5116837581711087,-2.4996038613395095,2.7876402478681923,-0.4784416519669139,1,Group2,TypeX
-11.25044291865319,8.237993383124389,2.4445644210256976,0.4957713647516536,-5.911063153302836,4.834453840322635,-4.5390178409876984,0.10607257638683824,-0.16177960923609402,0.7077916141550177,-3.5183940760555785,-8.437614312470235,-7.238352807740584,-0.3090316735254078,2.4759741260365855,1,Group3,TypeX
-7.253390842400191,1.9392690584479864,-1.9554505425441266,2.8741120570628063,3.035215189382395,1.8443397592725879,1.8445172788537865,0.45134754786463266,1.7740409562444936,-1.1811935394294981,0.649619492739921,-1.5123797462038389,-1.189195495292215,3.2875582943554753,-3.466255442150061,1,Group1,TypeX
-2.026586952692641,1.2007183227081617,-2.61587145530571,-0.05150999091322506,-2.6562882750286736,2.032574906957652,-2.1747353292770475,0.26264198787169046,-2.568320509668505,-1.4500163561675328,1.1267393131528238,1.6755347084863623,-0.4176925725685453,2.3163115090989863,0.5576705355087239,1,Group1,TypeY
-2.9394495515892025,0.7211889720346505,0.9464941440738401,-1.1722567839937295,-2.181243470188262,0.6966112192117225,-1.7721306157081198,-0.15914947153772793,4.237979057619686,-0.7163942937007461,-0.2489019903552978,-4.128699165816408,-1.9410497395474398,2.5293143242728573,0.9043963078442832,0,Group1,TypeY
1.749026195746424,1.0479189683070307,2.2072056167692935,1.7617602821860026,-2.810008747736675,1.6854503861209786,-3.3370686578473103,-0.8249606865912409,0.7860821825709883,-1.2008189998350405,-0.3896866051610839,-1.6098001245797013,1.2576045010337813,3.409057067533907,-0.8801947337041302,1,Group1,TypeX
-5.255966301267751,0.12641788647463847,-1.863302933083566,2.8418591878322017,-3.7190339918109028,0.6922325802181424,0.19390984523429666,-1.2722376272319633,1.2676140814831256,0.7130258504329489,2.5718704073053096,5.245096959881281,-1.7326031424043062,7.637284901584902,-0.3327158715165872,1,Group3,TypeY
0.14878559726051627,-0.8574272400027705,-0.6393612815270262,-1.0250508969745709,0.3891351807136445,2.8937751374064606,-1.5961984381371241,-0.30234956633175064,-0.30071336372092894,0.841632255765075,1.2366972773578149,-0.08214561861453522,2.3451447234710336,-0.6750615696647576,1.7724336563499823,0,Group1,TypeX
-3.4694360003822426,1.6209917165680658,-3.4809640400515907,0.9387876133702223,-2.5214392730824926,1.3042962949977075,-3.177483925437223,1.0049302940678833,1.6334498063974654,-0.39280101688114194,-0.47736193077412126,-0.6783955100244684,1.879216685920114,9.556608397229661,-0.6982455183083975,1,Group2,TypeX
-2.020726545485138,2.9234596683156995,1.7874073322863584,1.2444535522572808,-3.0146452437440034,1.887142966038478,-2.9077138696488003,-0.3680582821436807,-1.4517902905467,-0.4075893446596956,-0.5510127232274036,-2.696443532647512,-3.787329914497104,-1.0178557876384815,-0.555831244305129,1,Group2,TypeX
2.570018075064309,-1.3286831538272845,-0.6520822559899344,-1.1384589001053627,-1.9889055399719369,-0.6361722592523713,-1.0223309035696875,1.322926160335532,-0.47253311459081626,-0.5516751380466781,1.5918666095764273,3.3008914338405404,1.1744301427100208,1.3175945766189308,1.7558669693925104,0,Group2,TypeX
-0.3383616674778854,-1.9917658545056374,-0.870590107542096,3.0440058596806523,0.6912538358395006,0.7628632760780573,-1.0626905207786415,1.5803397708229694,-0.8517209190511768,0.9165676137777012,-2.6055633434628485,-1.0422557728638666,0.04899420897566675,1.2365061790878435,-2.24119156666248,0,Group3,TypeY
-1.8397338624481334,0.10876874696976047,-0.6767160968657895,0.4025687168993568,-0.23823202991700776,-0.7819273373204616,2.850541496472389,-1.2704882455818216,0.04911268736344865,0.9632265338939392,2.9295985609014945,4.524347472130588,-1.0854282567060118,1.028404328859812,-0.1378739006102846,1,Group1,TypeY
-0.5199815977359774,-4.31448872778232,-5.108795846207796,0.945064831808687,-2.221226055092564,1.6356199071927855,-1.1977679699725998,0.8160810441139388,-2.4055220358398968,1.1763440561714547,1.9939756329479597,6.841483491112921,1.924647010155955,4.753054415525897,1.064363971903239,1,Group1,TypeY
-8.620625293649466,1.7912343893091451,1.8718492543320706,-0.3676742632299541,1.7255909796044588,3.2140888519032287,-0.06352519524436862,-0.34750029970591045,3.339360437062829,-0.8422957167700686,-3.271250509689878,-6.616368528931297,-2.32043046294305,-3.4010798257484676,3.592439293302271,0,Group1,TypeX
5.157151390903872,-1.2274607081847144,2.5972826648872624,3.5244818149926407,2.169275024183287,-1.9210551558493276,-0.020215699426578748,-0.8516172401867081,-0.0037313382374711823,0.9661253255303113,-1.0571620191882873,1.3159668740362371,2.311227662609201,0.3061032079760122,-2.619969470434194,1,Group3,TypeX
6.726447589232751,-1.6982102247644963,2.648988001469163,-0.44075303475134175,3.1763098240230065,-0.14315608918924516,-0.16365050332038722,-0.9658267708959641,-3.333656547920202,0.23671712102639317,1.04102136744847,1.8169606119561568,1.7614320922753952,-8.402218745085499,1.1214483421716284,1,Group2,TypeX
3.5296230435342317,1.295731413777003,2.9126450667594135,-2.671554409928543,-0.9388448460993868,0.7480859794253885,-0.40564490830914646,0.2753962341432087,0.002243879658647363,0.913711652342591,0.1361868172616597,-4.518284341001823,-0.37115401005798043,-4.048690239268559,-0.49437045099085086,0,Group2,TypeY
2.7760413443720826,-0.5861424938090931,1.961343060390781,2.1215037688525995,1.1614727276701626,1.293012512078696,-0.5422249804223636,0.7356551436413686,0.3302592011448866,0.925904176727718,0.6000640412947174,0.7861891111254541,3.269576737450544,0.7814232706155726,-1.036964066683797,1,Group1,TypeX
-5.906009588510833,-0.9898467144202884,0.23796327896386704,0.6200260706260152,-1.8595617129764,4.5275620302445665,1.383476408987018,0.6943263811492989,4.80012082316324,2.572752389244474,-1.8775932125502244,-6.429998323177926,0.1894731592820207,4.826336464645233,-2.1471071119615184,0,Group2,TypeY
-5.535893601762316,-0.3669792910352143,-0.36347240108384615,0.8237113682211628,-2.9786747917967404,1.4546157766535128,-0.9844606981109107,0.4189116113727865,3.034353266007884,-3.033989362145269,0.31486320964990544,-0.27402098207256437,-2.5532723865140783,4.010742023920912,1.2992757782548472,1,Group2,TypeY
-2.0583610880951255,-2.429723539649315,-1.9515830839267334,2.079160398108107,2.6303124856052875,3.695146234444735,-2.406185882821697,-2.342478337665347,-2.345393287807324,0.29967197733792633,4.282289995510718,4.6668409796020045,-0.38888293158719267,-2.8707868179541567,1.3901441775891916,1,Group3,TypeY
3.673659411200749,1.0897253894455758,2.1474392378314104,2.6038056897906268,2.417061285593157,-1.6087509104959583,-0.01384904847500823,-0.30056939058524895,2.4245096649902877,-0.4469775528060408,-0.5892972446533598,0.07367527310012954,4.781264359689173,4.30857156386955,-2.3430757950851344,1,Group3,TypeY
4.220978459258462,-0.4762929165214749,1.9481887353940104,1.5619930987866741,2.6068325393815535,-1.6163849014696088,0.3202276219624226,1.2373697935635992,-0.6434900422549144,-0.25772456158629525,2.729899256318882,3.7790834466214087,0.9085512959617852,-2.3106554742794168,-0.824642160379399,1,Group3,TypeY
-3.0496981294299985,0.834435336563377,3.3388162349881174,1.2898028362663574,-2.2137290434681196,2.963316357846202,3.9648496050066298,0.45722481194934356,0.2003404892503522,1.352759030614763,-1.8364878699839635,-3.125613952998453,-1.5885627939414193,-1.5744935991960372,-1.8764219314990047,0,Group3,TypeY
2.815572824710498,1.6969634013018202,4.613823303195019,-4.125244389033194,1.70901098155537,0.35515782433405796,2.105137749085014,-0.8138136419289294,0.3171266090581978,0.18046814183120646,0.20349832161350867,-4.738681722033509,-0.60229920976804,-9.379959012829646,1.7435360414207879,1,Group1,TypeX
2.1319714509173084,-0.3543444826938844,-1.7873054161883428,-0.5925113030118851,0.20807036962895675,1.296472677109565,0.14041396526323546,-0.38738174501471484,-4.008367388994124,0.753213446416157,1.949641433026167,2.2928975143548747,0.8083360571785885,-2.1019508893398515,-0.9713583708440501,1,Group3,TypeX
-2.678253813015942,-0.3885571851807311,-1.9916412716564071,-1.9719947434126865,0.2779617207475007,-0.7614898104395487,1.305837382176617,-1.742082457705964,0.9119228719145733,-0.4552205808827054,1.2227571988809638,0.1740755662616906,-2.223496586932361,-0.47270252844368177,0.6820588654808601,0,Group2,TypeY
-2.7611202925657223,0.7338048643878885,-0.02825077759286332,0.8744656207066519,-0.7093523018920644,0.17640810195919565,2.642739725232558,0.18291456362025593,-0.914789101907372,-1.8537322412191233,0.013691061594974352,0.6313835630209507,-2.4168448951723156,-0.5615194059628881,-1.3529648957850553,0,Group1,TypeY
8.366114774542135,0.24240426930736558,0.6116140999013029,-3.054454350415525,-0.7961614968829547,0.2813263153745996,-2.8712099853202964,0.5790615726946706,-1.6657473665438967,0.4670909439935746,2.762864226801132,-0.8305364345149758,3.0917108581786765,-1.3743417508394924,-0.9276299889126658,0,Group2,TypeX
-4.529301515836644,-0.32558236940446794,-3.1264587283942418,1.4235362663149258,0.3337658582918255,2.831289862816039,0.7528519050257032,1.635007165731419,-0.6637115811075593,0.44103583485076286,1.5871529095033925,1.817597501871484,0.3934485791227309,3.0128349437708994,-1.1297396631084307,1,Group2,TypeY
-1.0371814120881775,-2.4124282304847435,-0.5531865409370322,-0.9170047863576525,-0.9866800991648719,2.982624348779557,2.6210144997006393,0.7796961821794943,-1.727575062911475,-0.06015449940512768,-2.433577503441757,-3.27789870746862,-0.3726627380185762,-2.945030435004409,-1.2652245466522047,0,Group2,TypeY
3.4938309901719564,-4.1367842213895125,0.34954700399960814,1.6905942182791043,0.1155016455389799,2.181096808820736,-0.650600508610875,-0.17444393428528215,-2.5346545740774644,-0.7474292532492047,4.883649169837151,5.705016002892386,-0.21545614961576187,-3.1384846001623914,-0.5900142923654849,1,Group3,TypeX
1.4004536905801492,-4.143694213440673,0.29827296143404525,0.2363039070619769,1.937015274494911,-0.3456046831120346,2.3980492191335365,-0.6449284603222979,-2.845328050759285,0.7932624959550306,3.6439372191178148,6.1166073317524825,-2.9900356747157986,-7.780861800855904,1.328915585195599,1,Group3,TypeY
-4.769352517216903,-0.6889736804105322,0.337626849516256,1.7370006959361897,-1.2123136830091015,-0.5432428529013258,3.152088474553138,-0.09512487755346981,1.2623411229377623,-1.4120756063156303,0.9911722587642136,5.375950559671603,-1.5332927354518788,1.7249123810869345,2.378901654886181,0,Group1,TypeY
-2.3745886860782677,-3.163165174938079,-2.970828838106342,2.279572452588776,-0.4673724852847696,-0.5530705509463316,-0.2312091470634483,-1.3387237061355735,-0.00955504636456328,-0.885668184006416,1.1168709762530438,4.939584462418899,-1.2384321685463038,3.441886913548309,0.07151309996477218,0,Group1,TypeY
-0.2972149759404083,-2.6775514352734744,1.6400697527201156,3.889653895543548,-2.3840416348733138,1.3642580773036497,-2.9593133163299985,-1.894581150472303,3.4464125015576688,-0.16003867357934443,-1.6868667125131545,-1.006550668033199,0.6835674414180288,5.862006261100495,-1.0101175252589585,0,Group3,TypeX
4.932881030462321,-0.3565208925099106,-0.49743288136835173,-2.235816457715305,-4.5445839354712,-0.25488306469836197,-0.4757837107997225,-0.5815807632272181,-1.6983633726574445,-0.8555276879406237,3.285565158318495,3.420262445013035,1.1242283385961342,2.215087604552792,-0.2512410860363563,0,Group2,TypeX
-2.29269793258733,-0.23904329188437834,-2.396582374781614,3.2548356488088652,-2.043787071024636,-2.6210408694032172,-1.2653881797216138,-0.6584735952612559,2.0768440418146805,0.17392351197515246,1.9100181661445292,3.9990629008577123,-2.5605931679083467,8.456738964085341,-2.687549166527188,1,Group1,TypeX
-3.7073823653083235,-1.6777538842375153,-0.8635320041283947,2.0589711087830613,-5.196598622458775,-1.6314181792923121,-1.068226994566899,0.007350674919699149,2.4058388279372096,-1.0828405288683434,-1.4875531409378584,1.8335551584275622,-3.7448745378754307,6.551143282982997,0.48217450387778626,0,Group3,TypeY
-2.546318787230901,-0.9017293070557832,-4.349118279488156,2.263417204752011,-1.8895332380240553,1.618689214498775,-3.3389959204875614,-0.8250972999455244,-0.6908749686126672,0.046461273154189575,-0.0784314061529634,2.0755046820080127,1.265364294241735,7.4626374043901995,-0.7998465858250874,1,Group3,TypeY
6.355373854860425,-3.6567112846611343,3.2848432491065958,1.5284838558637546,0.5763283689856843,-4.415553250736803,3.1578820460522588,0.49100394595775343,0.7671446561183388,0.32982306086851004,0.8923006036793665,5.072743155571096,0.11514229777139762,-1.7844901274656242,-0.8605435226047411,1,Group3,TypeX
-0.6320081170398731,-1.2709422831548092,-0.06927706040706683,-0.5190183908217807,-0.7865782905102059,0.6149791569326168,0.08849346744998998,0.32548511232461763,0.5402116823644667,1.0995844643276695,-2.0862206431854853,-3.2313570787285104,-1.067798475859276,-0.5947007136334477,-0.5956206587741197,0,Group2,TypeY
-5.789175113573688,1.6852325839405795,-2.227428839418195,2.3096826610645165,1.9737063491750049,1.8301698330638128,1.3666751735272995,-0.07282243259034207,1.0601467383483762,0.8380140545363104,1.4188569201231844,2.6929014629447847,2.1723828989567573,4.890112871593929,-0.14961483740261527,1,Group3,TypeY
4.294339822391773,-1.3623791390895157,-0.5934926339812041,-1.682027602746318,-2.8845088301027904,-1.1778391775688815,-3.1170975138888926,-0.4917666126562028,1.4929847492036685,2.1772934475490655,-0.09170167003234808,-1.1862741584445136,1.369787664494368,3.91961392568604,-0.17805256498828648,0,Group3,TypeY
-2.653465782097809,0.29265337497038635,0.4261829459741564,1.5651120967983307,-0.3796681107326677,0.5819240672415138,-3.5740445653605635,0.11835020112343628,2.334621597198127,-0.8033604327656939,-2.052038364513215,-4.141680082084237,-2.189829180339941,1.8160596452952285,-0.3145714497977514,0,Group3,TypeY
-2.606070818683129,-1.9583000703223647,-0.1933661147297454,1.5715217257489997,-1.573323736846021,0.6186149727857998,3.182331952112089,1.9941237407344399,-1.7064772544661566,0.21655473837820582,1.3968084373010403,3.7850276708234847,-3.6032901248304725,-1.6990931328074899,-0.7801514798234148,0,Group3,TypeY
-2.6070247986761967,2.2020099682851075,-0.5230297176584595,-2.023139978152794,0.8367353415165761,0.6327190029437975,1.0317249919635694,0.6174286309273244,0.8349114273828935,-0.6734142395598725,-3.3066777027853065,-8.630785141148321,-2.1005444777819138,-1.5646269726054636,-2.8378051465307137,0,Group1,TypeX
5.641632267078515,-2.3961229212345545,-2.3135240806896418,-1.4999888767745353,-3.981988367378837,-1.1751814043332782,0.07973973936400536,0.0773637302840967,-1.4173753326824594,0.8892634247589758,4.514860889821792,5.7161335653825605,1.3817875408387805,4.381861700171921,-1.7815325799599617,1,Group1,TypeY
5.972058557174357,0.6093795895088684,0.7515730379184407,1.4389183390172264,1.4519132940512205,-4.401636646402861,0.9241068285951526,0.4962485662454281,-1.9096079140041706,1.482832866385907,2.6318128224796267,4.956306460638286,-0.05248898452520889,-0.32644659970819306,-2.9351949334455165,1,Group3,TypeX
1.0880710793635848,1.0703210258720137,-0.07368097972712562,-0.0942543899847339,0.08858019385829274,0.8606364512323048,-1.3468997555213607,0.16344774661747724,-0.10846103626299741,0.1288496213559143,1.1757498618062214,-1.0000865740433622,0.7716757865986246,0.8718968517535298,-1.271703637240096,1,Group2,TypeY
6.77752173002396,0.8504273635412024,3.0238842697404746,-5.11710113845164,-2.3416311207121963,0.007546748590304353,2.598950891413908,1.302928421945811,-1.7631256366888284,-0.6650318903039252,3.069617314911251,-0.1264513339416485,0.9819174952932683,-5.602006011806451,0.5164420751121613,0,Group1,TypeX
-5.100607053741078,1.8777532731160074,2.206331873322663,-1.9954225916996604,0.02811528912025696,1.496045304266727,4.184294701239426,1.3845049626510342,0.9190942234488212,0.25203397993487703,6.365329589853956,5.502944728909198,-2.785835800409288,-4.957402277737921,4.688413110564884,0,Group3,TypeY
-3.4414406459159657,2.464667843603664,-2.1535863240441606,-0.983416076117801,1.6334354644145934,3.8399865011741747,-3.192998948145715,-0.11382477230747688,-1.986679236104151,0.4329729280436354,-1.1574110392592951,-3.8437556262721486,1.1674055692861265,-1.5841248500365026,1.5288390194584798,1,Group1,TypeX
0.005219282743722873,1.0831689848699035,-0.7201071816907565,0.8592065059841849,-0.7966849673834648,-2.6789237683342626,2.905193305385616,0.7082662196573998,1.5879024576545029,0.7756752996156893,-0.8301843736021468,1.581098140245179,1.779401483354856,6.108454823461675,-2.175782381692718,1,Group1,TypeY
-1.3369708613449862,-3.5917946445900575,-2.304352161105374,1.561858044633908,-0.6925524751453157,0.4523123520430271,1.1186139106118163,0.8261456160405156,-1.9274030119649246,0.321652659591586,-1.1333936846159642,3.289922103263191,-0.37764342409048746,0.5066533525248076,0.2426471254717102,0,Group2,TypeX
14.981364612386704,1.403393184817791,2.9383168615869435,-5.288029482483189,-0.39608603713356283,-3.4406614345110684,-1.9838936435079857,1.4838901537677616,-2.942434313658772,-0.4691307161274624,4.206377284878698,0.33126468809253595,2.9188409608807078,-5.4335309522410515,-1.1515462117705297,0,Group3,TypeY
-2.5703816667204524,-1.8820776320836607,-0.785204187622786,-1.8511916441999512,-1.9758885558561963,3.20212744068617,3.122815539357581,-0.46039233265665513,-0.06061270628087412,-0.027969414486982293,1.2151386547590373,-2.407118083265012,-2.5032440554190543,-1.8953992901351975,-1.870394755925859,0,Group3,TypeX
-3.985658686451205,-0.24498511594990124,-1.612299952978308,3.5579957746200375,0.056695199333489654,-0.5373448538468388,1.1958241138458794,-0.8483778038821382,1.0635074317751507,0.01742895295810179,3.372811822284589,3.2791759186257674,-4.038544193464398,3.9314084349408263,-4.071877044870991,1,Group2,TypeY
2.6237146820457773,-2.097775540156651,3.006251938239745,4.203678823095169,3.0259127794203042,-0.28287311327015574,-0.6635014254887563,2.2689916116594535,1.7884389030003738,0.1884535964292827,-0.7086801986807254,1.7714529760317799,3.102148728164969,0.5928867653819757,-0.37598984567026095,1,Group2,TypeX
-5.55634634882478,0.7969193399935319,0.31651951823400193,-0.6529554235453316,-1.2532357787225377,1.5461594660772253,4.1783326061952035,-0.9888723476355838,1.7633058475681431,-0.4908728948935657,2.0621630696977387,-0.20194571748249754,-3.1875116981371114,-0.1433375760018167,-0.6436811813122865,0,Group3,TypeX
-5.517928849418583,2.5479115281932705,-1.3704869729180014,-0.5078892589724477,-0.6854552439717362,-0.8258100906171431,4.185740718726221,1.3831356467781524,-0.17362294472416018,-0.68015236575182,0.6463259137603758,1.543480560529141,-2.7299543709235516,0.8713934985695162,-0.23475281315224683,0,Group3,TypeY
4.5895767072684395,0.9232586860646667,0.3768667224436082,2.7912261649232426,1.421245980555466,-1.735356103363055,-2.643971558185596,-0.5225209294096369,-2.376600234756716,-1.4511039864667385,1.6408562988729425,-0.7082862950080026,-2.846049459187712,-1.0111663680194478,-6.159433982819145,1,Group2,TypeY
-1.4440701935445595,-2.8379154959374575,-0.8985291765761276,0.08386675516044584,-3.144131668675637,4.2276547757975225,1.6874374713345952,-1.2465619661594265,-1.6785202961873829,-1.631067625194979,-4.262469744694746,-7.1355678434899446,-1.8882003594980206,-0.789617207017851,-4.640415522439212,0,Group1,TypeX
-6.457960268812986,1.9365567092203357,-0.6178501091661696,2.098116119171398,0.9244686520210001,4.02391752225042,-1.1834411879962787,-0.9659709246115364,-3.258778511890443,-0.8121694717263299,-0.4507954929579452,-1.1591502196920438,-3.5049077077778197,-4.132389646918602,0.5422669823143536,1,Group1,TypeY
4.529705907793569,-0.8328066498241923,3.1823310560045344,-0.5448724823233364,2.6172353268795234,-0.9301406922731863,2.5968643188562917,3.377768241289362,-3.693303593464393,0.515719619170136,0.31926133245524824,2.5824652277843407,0.11544963395398344,-9.568973028024116,1.6395259103107986,1,Group2,TypeX
-1.8464364686738832,-0.7390526127182147,0.16664018105264888,0.3164922783761377,-2.857702292506689,1.1720585943949475,-1.4101616645312496,-0.3591316281088747,0.9721512785392193,-1.3004502289219138,-3.5829150846624147,-3.9468643131502112,-1.1029263778653722,1.8996873120945963,0.03246781177647351,0,Group1,TypeX
-3.4222106482966828,-1.512569230201818,-2.437078055588284,-0.8023026728652747,-0.1861599511115778,1.4553076706621826,1.4182768835286923,-1.5105460503694963,0.21154928007320994,-0.687784294825431,-2.036413994258652,-3.7067868907792922,-1.6442154623826069,0.16354465342782387,-1.6712696508362455,0,Group2,TypeX
-7.51885793366975,2.4962787899136165,-1.25527176280863,2.7098283257482247,-2.8380058221311675,3.1518012916954423,-4.509677781118233,0.42262861719256595,2.4030780440992414,-2.013824756281078,1.5411031914681153,-1.4246543464233608,-3.3729997070425126,6.415714995641748,-0.4820920422221828,0,Group1,TypeY
-5.799623876301474,-3.238276226412463,-2.6758009851498494,2.778976787747615,-3.358175887052132,2.767073594527515,-0.19176271778171117,0.49955890824920274,3.4559783037851077,0.8844424373817379,-1.890638031118352,-1.0469094575529947,0.054775439308524465,9.131949946229746,-1.759295087107577,0,Group1,TypeX
-3.8483798101367666,0.4234383639677193,-4.60336658490484,0.7087371664841432,-2.466970479755532,-0.8496286956092727,-0.9938893118616347,-0.7785870468117115,2.5776130506893598,0.6440649229572226,1.0645190669509352,3.0298224691633595,1.4677511313247082,11.17133744464002,-0.3826324378707512,1,Group3,TypeX
-3.274257500107895,1.038151267685968,-1.435895434016253,0.06764933761297409,1.2836738482568015,-1.9360858156584393,1.0251270823124787,-0.08701522331813741,0.7769917411128621,-0.5831228313242981,1.0929713279857007,1.4799536774929796,-2.6403672969928618,0.35432832308311474,0.12443665925675518,0,Group3,TypeY
-1.4360825775084425,0.401295047261204,1.0508259132781959,-0.7786012488484919,0.04367034558241434,-0.3423473503005896,0.9361688824550158,-0.31983226412807936,1.8232217637194612,1.6009079918889153,-0.4480393645606725,-0.6088103670884274,-0.06769559501269273,-0.28030702574186317,1.709292218851028,0,Group1,TypeY
-7.985260781238953,-4.225382150249269,-2.329852523329088,2.701337498402559,-4.591940905361276,4.890343263678824,3.9203261210010067,0.32005819149324455,1.8804270056476824,-1.315438265887262,-0.8023075373574722,1.4648005977422187,-0.5238802353443328,6.944740840593171,-1.3369878658160734,0,Group1,TypeY
-3.6674588496174323,-2.240050320103272,-0.352992993714049,1.3080099487921528,-0.8182388440704789,0.9033963156004161,1.9106335009068762,-0.13377937252123967,1.5330894069734564,-0.8604384680668331,1.050657252491038,3.2272280267188465,-0.8496093145968289,1.6188376389344148,1.282320092838726,0,Group3,TypeY
0.10010036170798914,-2.2658728867409423,0.13679553979530845,2.2177477529907597,1.1059230297402451,-2.367538718598272,3.1148230349784667,0.032863373980213176,0.7947615035292313,-0.3827784017095585,0.3821857936447436,5.289871817982118,0.6727202106071865,1.536353942753749,0.060767929670910714,1,Group3,TypeX
3.2983651854905642,0.23803600023096494,0.12045162869121284,-2.233343790360804,-2.1439928140621554,2.2968839756436,-0.9525340883080322,-0.5927992331786469,-2.239507373431384,-0.023393960243946223,0.43829447655156206,-1.1127293733513672,2.3244794269614375,-1.1061360145673977,0.3313273894088734,0,Group3,TypeX
-1.4942950787332878,2.016973130945067,1.6105720577973885,0.8479154956875788,-2.5339113086340594,1.4929811139990992,-1.3979586339620265,-1.9323720874958086,-0.7218672002900894,-0.3297982570458398,0.8204768778543132,-2.824300531255404,-4.6638223463169455,-1.319434512149432,-2.3617765461523823,1,Group2,TypeX
-1.7176708737089303,1.2309038925960443,-1.2338338167869747,1.124127891262459,-0.9153791652746195,3.228704406734199,-6.865339081780641,-0.8463983057776877,1.5623583740477045,1.7441031844659785,-4.771708359374169,-9.814979805964585,0.6388997835128642,4.540529702492994,-2.308895968239828,0,Group1,TypeX
-2.4688275297783164,-2.7201755161623096,-0.10150222820507016,2.2364320543783434,-2.4729971648372295,4.088841835080219,0.14286256137548403,0.06908519272427115,1.0606872342430893,-2.8106283166180837,-3.7144515297453946,-5.808208558175412,-0.44359699940687936,2.968096322328176,-3.91531432311095,0,Group3,TypeY
-5.918313897358686,4.520373516902822,-0.01635850453627674,-0.28639265067044906,-4.954653046570161,4.236642577519563,-1.8419720908153252,1.2740635835161493,-0.6833385146806406,-2.55254015202075,-0.5410890225004175,-5.391259485465216,-3.8002558313344803,2.006604354044136,-1.4086559483584131,1,Group1,TypeX
-5.308464395992535,0.9726671539170572,1.1747798378288083,1.610250017780602,1.0729042796069037,-0.9230247435826395,-2.884216100261217,-0.02230853891243119,4.142834723822329,0.34355457703993575,-1.5179041739246113,-2.7938249649245153,-3.726617102030358,0.7195082552444307,2.0401021216743067,0,Group2,TypeX
10.852753633183612,1.7062279608568216,3.145998083853734,-5.107858861892012,-0.05561347719676191,-2.422998869207056,-2.6299492101259148,0.9363801346166222,0.1839919230868715,-0.19260643876080602,1.5828224953485557,-4.604424640470269,1.9113948786753783,-4.082289435385155,-0.9416442167675707,0,Group2,TypeY
4.198543160207454,-0.571454823318112,-0.4511749005069934,-2.753422660646416,-1.2778621238963104,0.22240097841598938,-2.6410920573223393,-0.5129742439678118,0.6613871609535275,-0.44352159983711503,1.7925308968300384,-0.18994217479760797,2.731524130966395,1.377550488992218,1.2696888323876732,0,Group3,TypeX
-9.912068756399272,-0.27823830180602704,-2.6350682616603915,3.886148531427482,-2.98319673187393,1.6302878493116073,-3.5742905468651576,-0.2841878821547786,4.113434536629384,1.567791509795664,0.16153375484473942,1.1114285159309654,-3.7754953221145167,9.048647276568667,1.0302042982079969,0,Group2,TypeX
-3.303535221053733,1.6328591718728087,2.066313663503763,-0.0549929829214163,1.2311368726626872,3.7098604583032486,-1.7776402574761845,-0.6421271738316033,1.7664174270317403,-2.0265777765994355,-1.5970519297252714,-7.911265692613917,-1.676918540494582,-3.0551490483824795,-0.7481356739886758,0,Group1,TypeX
3.266710080498313,-1.0145226096960922,2.995173705547005,-0.23440788381219235,0.8446246768528962,1.1444230105272548,0.8023829964921145,-0.5946729871621688,-2.083681428071878,-0.4225684190212185,0.8926740920317987,1.0222736169529694,0.346883150053345,-6.445980818101218,1.184345677715469,1,Group3,TypeX
-0.7023433267924716,0.15832770753886938,-0.004268977221887571,-1.0380935733437797,-1.544090922516547,2.8190197913302644,-0.9633852128638917,-0.33123930887839503,-0.11396215337953364,0.27924010122099974,0.6584088993059662,-1.4685526845049763,0.6639652812393753,0.06963776117806449,0.6487376220885077,0,Group1,TypeX
-3.8445438363434814,-0.3992452916255931,-1.3084602463112964,0.5521444354105651,-5.946767672512598,2.940882149655987,-3.9824274924863956,1.1120468421032064,1.5906953415914007,-0.5515157301029805,-0.490915791079126,-0.2973552780595004,-0.4644880603387549,6.84953186808729,2.063238057621417,1,Group1,TypeX
-3.990207055709259,-1.8139902651287878,0.32620749637509583,0.5884268916527557,-3.43673590089064,3.1024295146167673,2.2488205975038404,-0.412420069849907,1.9886829031855537,-1.4548921652893105,-0.8820721717678452,-1.991765541675556,-1.1587729826118183,2.714929233681768,-1.1158099103826302,0,Group2,TypeY
-11.362077083889247,3.1726073489729507,0.2837237427356474,2.8943053220620643,0.7718857668971146,5.201574274599623,-1.3549746160355411,0.9610934572320833,1.1425514272405615,-1.67308401250574,-0.649760568359476,-3.675983632593539,-4.039006678690667,-0.6322373206686777,1.0320850985405892,0,Group2,TypeY
-12.685269520175602,-1.0434456473711595,-1.2842086706094071,2.9008308680146473,2.0509983952830466,-0.2617462414687599,-0.22525039739723818,-0.2410632224657809,5.42644175157249,-0.43403335432359996,1.2913710343511946,5.369333546465451,-3.9498663418990114,2.5869240944385874,6.90329274261112,0,Group2,TypeX
8.59625359784653,-4.824474097528176,6.832417977890919,2.756015801299315,3.921154872937926,-4.103946477409714,3.942889405798455,-0.125819351548333,0.4131800872337117,-1.0730913283626153,2.602349650442641,7.881048761872149,1.0314204527603519,-7.839691287780463,1.230169807367588,1,Group2,TypeX
-2.313727983474073,0.5655953551091873,0.1124938074825893,0.485527337011479,-4.3607459990190165,-0.4505120451959246,-0.5801399241811626,-1.3806521701101395,1.0350590575828091,0.41207113706602394,2.8450767343952137,3.8488087370559985,-3.049906659074172,3.5613536901688696,1.1139203677257146,0,Group2,TypeY
-1.462277536828711,-1.620033530412979,0.026374204416204083,1.0599962631293445,-1.0835023933447558,-0.11401452953285185,-0.3091986831449658,0.5692893232700639,1.4687457066948075,0.07166855388024412,-1.6300034254872315,-0.12615661014771912,-0.4724911133972973,1.949860377749813,0.6470032192475186,0,Group3,TypeX
-2.867248192558042,-1.1688014997915563,0.5438568748755435,0.4030272996008466,-0.6321787975309469,1.3185341452691526,3.8346425730470335,-1.89203357248567,-0.6098812841175512,-0.06213606646930852,0.3724642505664322,2.5271034559582564,-0.786006920404207,-1.8269280884799306,1.1068130612099996,0,Group1,TypeX
-7.0743953348943815,-1.5766864788520039,-2.4849543436580444,1.0161560030683792,0.77537557818026,0.24328610634696946,2.5730276153112266,-1.4771644163123816,2.783926202202858,-0.5102911595630633,2.007270728925223,3.948050675570534,-1.5132333461751668,3.2204966814481892,1.5883063490929592,0,Group1,TypeX
3.1454425872438274,-2.4135762659813103,0.05153309137655804,1.5568088524700547,1.3666766277363327,-2.290642798712914,0.8401439222787681,0.6785496546210517,0.7479249663669534,-1.874865655501711,3.6210268272245214,5.391182431273189,0.19784660514197516,1.0622845177822202,-1.3642835739783723,1,Group1,TypeY
-3.9219105712375666,3.883103762122807,0.3175484984646233,0.6979941981266566,-0.535981683163433,1.9938884666674896,0.2962763189487174,1.2983344897754168,-1.4594718506097346,-1.087478168112368,1.0935091260496868,-1.9139330524629299,-3.1638693400343967,-1.17205984888118,-1.9380139880569747,1,Group1,TypeX
-3.607724081167596,-1.4200324257785166,-2.4081773541648404,-0.7310692305619391,-1.1243643398986176,0.014384485527071056,1.802658033432539,-0.029803781851440635,0.26723077471618184,0.5245846830476146,-0.17049392971844202,0.332160578138613,-2.415677123186404,0.8872353985061573,-0.08443198804116359,0,Group2,TypeY
-4.780612503042546,-1.2919574631224784,-2.2681413217538124,0.4481055214888764,0.3986346559200784,-0.29518336538823564,2.8256446976149334,-0.8002932816073767,0.4586486210185612,-0.01792796824979873,2.457420463486542,4.868397468850052,-2.003515343732278,0.8750629435573555,1.1924336587176336,0,Group1,TypeX
-7.518416772714131,3.349288414838178,0.4982695746244534,2.7234208596347815,-3.4752563533561123,2.493430062902557,-3.4672952165063897,0.3308635310669119,-1.085478952151708,1.6787838073868548,-0.7965739429723107,-2.234592843944194,-6.959322392125409,0.0438777368143326,0.13425097756345328,1,Group3,TypeY
2.6711876121547187,1.5081367720544447,2.1513613412847645,-3.0184458631949926,0.8489390117402253,1.757085676207609,1.3707488198247697,-0.24272858931102861,-1.6393053857618485,0.1227289077054837,4.416449642578783,1.0545595022009557,0.6521282466515905,-6.226880229161413,1.3849234065772538,0,Group3,TypeY
-6.0775627936989975,-1.067086286011107,-1.6074888861533885,2.2904390089127817,0.1297555603940188,0.6151146044505155,2.40125979970795,-1.4363524570391606,1.8292306147021868,0.5501284812178794,1.6188629578828082,3.964446315070799,-1.303624339617692,3.555756254775121,0.3070022666317713,0,Group1,TypeX
5.690848075459923,-0.5535041450692815,1.5525907367241316,-0.7456207160122006,0.35824228086832477,-1.8289851440657414,1.128956215440627,0.7524833770742185,-0.6806609117711306,-0.5881085989243096,2.061404655113156,2.6941799273647096,1.8167896256561389,-1.3422170617468574,-0.6227806569929355,1,Group1,TypeY
-2.8686541940867034,-0.8011710623263361,0.9413368528128816,0.4021975863756835,-0.5332583052153355,2.490208041606814,2.315675137330349,-3.0185567705677925,0.9094935058552782,1.5789450927179753,-1.9505627563877355,-3.0736988289761067,-0.2758073016663475,-0.6265598739810132,-0.7632252558708748,0,Group3,TypeX
1.600457392202985,0.048847326000849844,1.2844208408443651,-1.9376173147239224,-1.8684959678850968,0.18957799636551986,-0.23545334660994455,-1.2814909728688244,0.7959932398235698,-0.748811671023577,0.8776432861719476,-1.1430753303613528,-0.4019173072090789,-0.8094717455190124,0.6575914511198697,0,Group3,TypeY
-4.136163624511155,0.5122721209192707,-1.7141073513295826,0.892718742916645,0.004566745291344709,-2.2182945647781875,-0.1664098654589541,1.435856464085898,2.973074427651504,0.28456679047452627,0.6480808393581261,2.985349867569204,-0.7832095262013437,5.132130896311999,1.7526035517325251,0,Group2,TypeX
-7.8480651836307285,0.7052650518496022,-4.713359211338803,1.8272287833320269,3.139068859075147,-4.7384017010076125,0.6383886824914692,-0.035420140691509526,3.589380107925072,-0.5270661182397741,2.9865251751256734,9.57207005751428,-0.6500867667964939,7.166857884556116,4.460799407842596,0,Group3,TypeX
0.07892511706363636,-1.1343618757544416,-4.494619989202841,0.585274956251891,2.13211260322346,0.5287388882194806,0.35138222622962245,0.6550780176305259,-2.382775067455932,0.32889153672704086,1.9420522055972325,0.539965850097621,-0.47281378391084516,1.0940353045217062,-4.7352227055924745,1,Group2,TypeY
-2.4540496834888432,-0.7208010078746339,1.870264436824089,-0.2551185140200889,-2.136021734432525,0.7792396365229376,1.5773672437041406,-1.0456949708779122,2.5247317606735065,-0.20891795737087174,0.15292403692392997,-0.8081552771142773,-1.9368377848406113,0.14356125763469732,0.8899743543048495,0,Group2,TypeX
-2.0352889453771823,-3.583498571281617,0.21806407485531265,2.3043003832301534,-2.8086434584635924,3.239794747171354,1.5765706230328955,-0.2673170231678089,-0.39562273730665853,0.44841324947910954,-1.8102464020485542,-1.03456075475223,-1.30604087856485,0.8569854071924045,-2.1630923354862173,0,Group2,TypeX
-3.2393043869996525,-3.5408365517579794,-3.0642075159818853,3.181212356466673,-0.9735066170531486,1.3427411304450998,-3.024351406133235,-0.8348299105466731,3.5712565325723977,0.3366014275621669,-2.6559368681816062,-1.009068163414948,2.014785939059069,9.217420766062489,-0.9163687237244956,0,Group2,TypeY
-1.3375837867080238,-3.2672970393575866,-0.2347549911567317,1.225806946039687,-0.7753344092320638,1.5378017694529817,1.5035475910837484,-0.04798579485058113,-1.5325679683690288,-1.3673264612849558,0.8896814647254561,2.8305861051919736,-2.0787297545534478,-2.492524695843668,0.24434936038519584,1,Group2,TypeX
-0.6240768363017343,1.1433862553092975,-1.234849772121244,-2.207180538585518,-1.6573461323137049,0.8527988089531664,0.9452149557158747,0.9259661298522298,-3.7529825245870048,-1.2971642963657217,2.0581083794798958,2.4411400095005846,-1.803481429037411,-3.510503193938294,1.500771176829085,1,Group1,TypeX
2.8523140365607604,0.5136604457492426,1.6673567132179625,-2.9638716210298828,2.525271403697932,0.7922052489609334,0.011239074105310776,-0.33149938829951425,-0.2035865429734769,0.08036232596303014,3.4397528127644286,0.6416500176748805,1.6385671534680446,-5.685369526231938,2.6215407141479545,0,Group3,TypeY
0.8244399644774246,0.4459514623552685,0.6821057653621987,-0.8895009816625117,-1.0276164847307994,-0.5576263436826259,-1.7387276236010454,0.012575769600314238,1.0896621430295168,0.867394492997976,0.3264979246804812,-1.0712430926380865,-0.7399820121571109,0.29369015992688846,0.7286577647820169,0,Group2,TypeY
7.496072504469156,-5.319986780996395,4.716234367605983,2.4377834576023423,1.9197438867913919,-2.01283130089846,4.180951202378514,1.8701386928213053,-0.9828518173159726,-0.49920199827593026,1.591933500893282,6.988208100459633,1.9963599560346288,-5.537334355437642,0.18790459252820702,1,Group3,TypeX
-3.906589486016946,-3.040582670417984,-3.9658760536076394,1.4229422665265608,-1.0446627548208502,1.8072110866339601,-0.7629342935011809,0.49200405410295983,1.457285708594392,-1.1310686299349713,-1.0732745685988698,-1.8056310538938651,-1.0126042231461303,5.425456669353038,-2.7349404866266016,0,Group3,TypeX
-0.7837255521358187,-3.5966986186494676,-1.217573772064973,-1.7389159288184501,-3.423819205389335,5.210087872836304,1.8071484365311004,0.04371039699198385,-1.5434521612269463,1.2228079221334083,-3.79159347247706,-8.822771591750847,-1.810246160260977,-2.076877758218582,-4.646918231516112,0,Group2,TypeY
0.8564783047299726,1.037049423583007,-1.3956745983433465,0.3677459504482219,-1.13707446059112,-1.0532524269888928,1.2432050656639426,1.1851630314393404,0.7223159706381248,0.8983025496890353,0.11292810519914331,1.0918970388514786,2.63236151335824,6.129929748109753,-2.3106481222770414,1,Group1,TypeY
-1.1435890956075672,1.2382081563221197,0.0966117710009613,-1.7010139182973605,1.1762877418832138,3.0660022389277786,-1.9879580560207026,-0.9906540774992385,0.7021576353088157,-0.2867216948200629,1.8678977700978914,-2.006040915562892,1.4813424168971134,-1.4990228116216755,1.8905069299903925,0,Group2,TypeX
-1.066039120255834,-1.3357090429256444,-0.21316718531434165,-0.6140602920789893,-0.9342506445853225,2.5800820024406645,-0.04580604215194484,1.5413211448013207,0.8444942551128898,1.3339981858769252,-4.217146132981283,-7.706007128113971,-0.17584630959731928,0.022302739586681063,-2.4611642680597057,0,Group1,TypeY
6.416124449543349,0.48119141866319026,1.6556291117729023,-1.8430807285688005,0.8851763156881883,-3.9848092490204987,3.6127172369339147,1.089272246931099,-2.7927170068697906,0.3820337057160107,0.10067964466808377,2.904806749582547,1.195422412248755,-4.384496743997354,-0.22115332760702833,1,Group3,TypeX
-1.7580967735318478,0.11175911031572316,0.4335156988009874,-0.5248863207307262,-1.118218092987319,0.8350965196718464,0.6020082004334122,-0.7931346636139368,1.3625442677049424,-1.1907458007366716,-2.2120071477730257,-4.245473026180538,-1.0490009028413525,0.4605999279864071,-0.9699842231445348,0,Group1,TypeX
0.9273779875782044,-1.295434790354994,-2.598863936619149,0.2336538922849658,0.003141083554560442,0.9996363755445811,-1.3658517426730732,-0.31120828917368143,-2.1071845217555154,-1.0910467171940745,1.6203290793103102,3.3382418951291717,1.7893524893685009,1.3458797795916289,0.3857985438666136,1,Group1,TypeX
5.415505985583136,-2.256579610977444,1.745207793507248,3.027793355966911,3.439691508885164,-2.7373814018534794,-0.24734632580842497,-0.466227391717112,-1.5739220684301067,-1.0414529517748186,0.20481608023650055,2.848048468082126,-0.01158258537928436,-3.407871191660998,-2.06245192331286,1,Group1,TypeX
5.904068705973419,1.0905313437842366,2.8861082076213695,0.4502809374030148,1.0833955213314719,-3.0123482885418893,0.8742678699751512,1.110753172414642,-1.3252457784698195,0.7551849738039433,-1.8122844136382423,-0.9905020872434722,0.8745341083930526,-2.575431454425093,-2.107439263084177,1,Group3,TypeX
-4.106792301647667,0.8714735487268868,-3.0766676016874297,3.6008806711130825,-0.08152333511943666,-0.8427728374152421,-2.6927893471344526,-2.16116210357171,2.989136965742803,1.2306458041780113,-0.3353176328667711,2.91644615327769,2.3913661192868028,10.87450505892022,-0.0467277211523629,1,Group3,TypeY
9.663898879100048,2.049609410319314,0.42994229864163935,-2.834347722588282,-1.713680868202296,2.8000820289079775,-4.0044437663767924,0.7679376635165371,-4.846285549073927,-0.5263908651106778,1.5401404187687069,-3.890790696208064,4.0341694486799025,-2.040620935696337,-3.416184418546,0,Group1,TypeY
-4.765137138147376,0.5387412583635257,0.856533704840881,-0.5725623286280661,-0.1408769512008644,1.3309064246986855,-2.174601150660811,-0.26867787752495675,4.18691495097862,0.3476735422449994,-2.8245245320076253,-5.989891394916297,-1.3896253405093848,0.8896357778075098,2.121576067992354,0,Group1,TypeY
-3.741415289117791,5.148055138770288,2.4785212174645723,-0.34241752159325434,0.11944372507883694,0.05523745731327523,3.2654564060242164,0.28815004154025464,1.2462234098293379,0.3588480726789188,0.3164011403514506,-3.62051772335692,-2.8495013342681466,-1.2095897955970811,-2.1667150605212235,1,Group2,TypeY
-2.501834516475574,-0.020375192279189602,0.19324620492890476,0.7642228891641323,-0.73486579915592,-0.5465432379874284,2.1587148068435393,1.1346396998210568,-0.031291261018224326,-0.6719173104649906,0.8496238392005344,2.596562003123736,-2.160413770198285,-0.23522375326061565,0.4051612367174551,0,Group1,TypeX
-7.932753681898517,-0.8908993333393576,-0.688139634478028,2.653048573280083,-0.37341442722864915,-2.1723191515559677,-2.7756783493007795,-0.611188502250286,5.371426374567826,-0.8323894449694428,-2.9627197225795854,-0.16585209300488477,-3.9209458404630064,4.857087162441412,3.6894765542315833,0,Group2,TypeX
-1.4503055442273745,-2.7018964113532347,0.36177832969819335,4.665536758897822,-1.1769310770555552,2.256028645896933,-1.3691355716329237,1.270088025254897,0.9119313205549577,1.2950071499384181,-3.503149575930255,-2.0873683484628365,0.41919356848676403,4.141601157247637,-2.8516677058655553,0,Group1,TypeX
2.2092097424488197,-1.8126164997462388,0.5662020794573301,3.5656232138699835,-0.7950689232593244,-0.5482272852782919,-3.560837393185377,-1.165974185680461,0.32763201543146747,0.10269051674858726,-2.458727913515096,-0.23546232121364502,0.6922702395182074,3.3926450259287266,-1.3902499595402409,0,Group2,TypeX
-6.745623240863573,0.9971114912818925,0.10291839579832052,2.3997406442615405,1.1190711779467284,2.143407164524832,-2.5040766517986714,0.4021978249123513,1.7872597365525362,0.24854510511898723,-0.984616321603033,-2.061186224109919,-2.6663560929987717,0.22306400258500073,1.524185004473681,0,Group3,TypeY
-2.6875367182802075,-0.642139599419622,0.09974469246843476,0.8400489452147739,-1.2609089417222061,0.21438204117233628,1.9659910663008289,1.6652522339446956,0.7643152178229338,-0.17870688456349573,0.21377822718083428,1.1303357219521737,-1.7452735521053278,0.9758482233538925,-0.26520486455524805,1,Group1,TypeX
-2.6504171719965925,0.1564226333685248,-0.8169720086650955,-1.5462507304776687,0.21044417741199162,0.9344019151722242,2.106925479904768,0.002925966679437699,0.2502977369096444,0.1779083914116544,0.6923905964629367,-2.789101396750939,-2.9759016018326148,-2.1854075231136645,-1.7027785912501288,0,Group1,TypeX
-5.733497535168288,-4.4718043523906505,-2.2555959314822256,3.3708438646712406,-0.2646521188805324,0.3334270508386121,2.317088345217399,-0.8644303136735378,1.4998566639047586,0.6927757697082377,2.0258407366938505,9.263515589390522,-0.031843417892873704,4.161943366833849,3.2803894968540295,0,Group1,TypeY
-0.13557719871451823,0.2681797963821013,-2.3529925971416032,-0.16445528460588976,-3.322000443528292,-2.0219902467023014,0.6097572093776362,0.38505516793783434,3.19641220442122,-2.707565693672108,2.5155397951856955,1.006524342096118,-0.6182546329870371,9.25696139026921,-3.93760396929567,1,Group1,TypeY
-1.425258186685312,2.846686372864166,0.1076355435540357,0.3709043280214035,0.4507997411851794,4.563048911735977,-2.8133034188671946,2.017775813175065,-2.8090887537808604,0.043908301877156795,-0.7912126565120461,-7.1625424621356775,-2.0073360224385137,-3.47426092885931,-3.5598181304304606,1,Group2,TypeY
-10.092914789164935,1.1873953925324772,-2.983966079803773,0.5339162118573536,1.0031577714594753,1.202032615141317,2.4800143010041626,1.130526619537311,5.6320413148299835,0.03080713499795014,0.5860515070744756,-0.6572634568707387,-0.0168849513784306,7.511905583319338,0.38264790486457234,0,Group1,TypeY
-0.6285354036148244,-0.4751163728955776,0.26761322133507104,2.4713556464066833,-0.19363002419569353,-0.9117658605946515,-0.23187918114729267,-1.2977283756812326,-0.7416014745824959,-1.4621104551954147,-3.6587486345500864,-0.2941770464880155,-0.29045946005722045,0.9116838566409193,-0.3983306702638255,0,Group3,TypeX
-8.069555806826685,1.5680680367680084,1.4968187845835934,-0.18953021320894303,1.190207637801878,3.02434401153044,0.4398431624674142,-1.1096093679030308,3.0765815556643408,-1.681376891715264,0.6799402350863983,-2.162624214036198,-2.596558980859455,-2.5171437725365586,3.6045753334835537,0,Group3,TypeX
6.128223978356639,-0.27340384518281413,0.9198334356586486,1.5724482865617357,-0.6837548181056423,-3.2483085640541156,1.293020935016453,-0.9593549606481229,-0.7139339536469458,-1.1819955218978246,1.731020207243175,3.184270487949799,0.806110980154881,2.636528623614878,-4.383830656647232,1,Group1,TypeY
-4.694666034029944,4.860959528995539,-1.0978943625016604,-0.9062871311984095,-0.8436064273227688,3.8353218023539464,-0.6656786781736835,1.12643371674603,-2.2321424359900783,1.601992654613413,-0.5819416515184164,-5.754735787678841,-2.076034591547555,-1.0170674769615482,-2.17454779311422,1,Group3,TypeX
-4.363299389903532,0.5858457414870233,-0.4052345826956446,1.1598791361015655,-0.4960628055832521,-1.1432128162484045,0.9987287665647399,-0.24237545810511135,2.5341062729981543,0.9622105785810979,0.009760080584858555,1.7613546053565972,-1.268955557108554,3.549584086068282,1.1038515194880936,0,Group1,TypeX
-3.037760558163394,1.996105742637571,0.3548265667751753,-0.8022415651687644,-2.0250997367250467,3.036629933661222,-0.8805867344491073,-2.3559189249323222,-2.5296723594386306,-1.3142850978081202,0.6636979442546337,-1.8933975664139069,-3.5301298628189888,-3.806934952354872,0.5777915049697717,1,Group1,TypeX
-1.4376809838857414,-2.4549772283598488,-1.8589972286338114,3.1133035492356584,-0.7838004273830239,0.42396909253098713,-1.4171842048174972,0.6734288127536935,1.309596476140185,0.16179154060272016,2.3545418374938007,2.700811615381449,-1.5348402516834745,4.954769913469862,-2.6721315385219655,1,Group3,TypeY
-4.249746673565544,-3.657092491477814,-3.0365197605533796,0.23738553294773423,-2.9131669135207003,1.9786212724563912,1.3745378008828,0.9341414422336946,0.8801646774644986,0.4334524416994807,-0.9200796221669874,-0.38465595699787786,-1.8397121333483415,3.492889864576947,-1.02534819203856,0,Group1,TypeX
-5.713727853376298,-1.5415312881462309,-4.361732022258346,-1.1893625421319576,-1.2326921675731226,2.5379632678306177,2.427747614032649,-0.9265132547797481,0.6079166744449863,-0.5335436258230818,1.0627437215499085,-2.567253899830117,-3.2191450680430176,2.2985330562385715,-3.414617912491391,0,Group3,TypeY
4.737972086214606,-1.0675079844674629,-0.41874354002946146,-0.14611983637027914,2.6413166773864107,-0.9684827933745684,0.030518441200524493,-0.6705431614166831,-4.866250481780989,-0.1513974919414092,3.331669892155416,4.285025433174286,-1.0422251226811645,-6.739492231057278,-0.7674747182509633,1,Group2,TypeX
3.302165399260769,-4.536013101092546,-3.7464108917910908,1.3828993010550588,0.914476173132265,0.29027035523583344,0.7629168967113167,0.36736034914748666,-2.555335784651824,1.6028442471779696,3.8794224844960343,7.629619468783734,2.910905321617859,2.3779711000374117,-1.6198670384076808,1,Group1,TypeX
0.7820307827398033,-1.214849603700643,1.4586747485675118,1.295932400347327,1.5467116703112072,0.6596607425632923,-0.6907758343469874,-1.5722305440781297,0.3482267247198493,-0.30746090001514215,-1.7950371423680636,-2.183048202898377,0.2845939826560433,-1.9944969766427638,-0.44840730764101844,0,Group2,TypeX
7.067787261754091,2.701227510293072,2.599569094085745,-2.466130293256775,-1.0606737617140316,1.0609276795319864,-3.201445376322584,-0.6683581639908888,-2.300847197342408,-1.3945284378654765,-0.8377584350388256,-6.871077678654364,0.8569788079138376,-3.8370100272088057,-2.7432910632285257,0,Group3,TypeY
-2.9300611289110634,0.4695444322073983,0.5348379578585651,-0.9977567655004431,-2.063173814472846,0.2957313845014856,-0.6745912369609908,-0.08187417719083905,2.7228191432967677,0.563673654270156,0.8184752600278997,-0.44853442299083907,-1.6562216269931134,1.6394625615122844,2.1772194031028067,0,Group2,TypeX
7.087224010049261,0.7291371960860284,0.7133899079643353,-4.0959420785410625,-1.652223453322991,0.4964130842109553,-1.0087257996241756,-0.18080744508722618,-1.2920716959763525,-0.7146641168409925,4.672824254155318,1.016312509345482,2.6752832011116676,-1.436760727926329,0.01968668813112906,0,Group2,TypeY
2.125067646955446,2.1836623290896684,1.5683686657996772,-1.5792803405619547,-2.1320258308955546,1.363191622910874,-0.29619315926304635,0.11833021889820218,-1.95716611971174,-1.116064176071895,3.3463114914145566,0.8472953907651811,-0.7203137217474256,-2.3601530067070784,-0.06421576846399457,0,Group3,TypeY
7.796170914526355,0.37424245063346184,1.3403681249597992,-3.301736689720499,-1.4620384360649727,0.3715715282699108,-1.2124455168088717,1.554282441611026,-2.429677361631622,1.3697811019623787,0.7808190345862039,-2.164706137177712,2.434056539562665,-2.9963971486427807,-0.9675045019474591,0,Group2,TypeY
-6.715183964099101,1.3258120967569063,0.7390559804162171,0.9987685334946055,-0.48208349512175974,-0.3153328858878761,-2.446015583242086,0.11198193262125772,4.743798135649735,-0.45669914469351297,-1.1492264739014457,-2.784603569020173,-3.8583151764030674,2.411582658505969,2.352810274455779,0,Group2,TypeX
-2.3956916383965394,-2.3802647441930973,-0.9827037597938696,1.3705033786165939,-1.573966686524089,0.5274312910326706,1.7680873586274901,-1.2666319951066096,-0.8506150472528251,-0.9896509661643634,-0.0551164019976188,2.097904763452179,-2.5656240940361226,0.09924995147347035,-0.6827473477782402,0,Group3,TypeX
-2.0982981850729283,2.4548810166884154,1.610269967013604,-1.620049628395833,2.055859129204101,3.9685084726035744,-0.8105712399584357,-0.20316852898467888,-0.02987166504099803,-0.16065328636607445,1.9460236579144006,-3.200933905301804,0.28861620853810166,-4.8942190227235525,1.6472613232964752,0,Group2,TypeX
6.180610637410312,3.7155873884564303,4.500950389169475,-3.2247667094273873,0.38872310135976607,2.786228595095152,-2.4891712154258654,0.5136092944152219,-1.4811671072910002,0.749698021444869,-2.5706450767471742,-12.70929081444307,0.21669403996091208,-7.370490638962674,-3.860901680808455,0,Group3,TypeX
0.4868394741066119,0.5230747141235623,-0.6962289893254825,-0.3443271825346097,0.4959238086910245,-1.9349509381076784,2.011043093272461,-0.11648835263103476,-1.3229767319882981,0.4892118246643012,2.3856280988312966,3.206259132629567,-1.8123449615828,-1.2679334999823086,-0.9398215250629649,1,Group2,TypeY
0.9961374744880223,0.8174049519695183,0.9113487734992461,-0.36411062387476734,-0.570054100821282,-2.3441741292494913,2.9136965618747883,-0.069851868183643,0.7318222394404319,-0.7974854973437886,0.1846133960430698,1.0837831959611373,-0.2303857940612941,0.9381073304488626,-1.0870107120016625,1,Group3,TypeY
-5.562676250220788,1.6042889339426027,1.5164240966366132,-0.24386892861497145,3.195305058315662,2.825389342685446,-0.008976106945626339,1.6038660672678657,1.282427717085405,0.6793813730119062,0.5810021052205682,-2.0292598469408687,-1.2807618873987723,-4.998894322553933,3.3336010360667863,0,Group3,TypeY
0.23595461591941203,3.4860998062351345,3.082570528021471,-2.315813156319493,1.2993053107720693,0.6801156979225099,1.1891715191863286,0.8730660663320997,-0.7583567142945524,0.6089844464924351,6.178106184060987,2.851288843061859,-1.7683694889533461,-6.714795094078887,2.560265229345207,0,Group2,TypeX
2.053332552654824,-4.09850753729911,-0.720397922302441,1.415945042741495,-2.5222160401254574,0.6085434032612836,-1.0978389214185187,0.3987128017903442,-1.5761224314199973,-0.3700224658372443,-1.173198345852285,1.7342261710927833,-0.24976525118254322,0.7933844405569602,-0.42217962701813927,0,Group2,TypeY
-7.368737421483029,-3.0423857585467404,-1.839882767908302,3.51442817591557,-2.1042891081232384,2.3945512991332727,1.445855411661482,-0.4970306906659087,3.8541064220826677,-0.953157504755092,0.048933229816140233,2.5848699118601695,-0.20855443750410707,7.945737855035491,-0.05551675725696348,0,Group2,TypeX
2.057536511505462,2.8555832207647844,-0.27737341818939343,-0.38831629772945564,1.3921936116628153,-0.33151571400774527,-0.9595101539081403,0.5615734705711045,-0.5482574932542537,-0.198669133822903,-0.42651782956005646,-1.3095844621090607,3.341244950012603,1.736084888041282,-0.9588527013226579,1,Group1,TypeY
-3.1000030241702503,-1.7804048205302383,-0.8507672389675555,0.8088580045317786,-2.451362178755507,3.281528460224977,2.1617403307061256,-0.9544386262909633,-0.4900205468316552,0.5069157201363107,-1.2017056245021218,-3.514275025263639,-2.6185048394041273,0.5235544528873078,-3.882799740484528,0,Group1,TypeX
-1.8819258272399735,2.5007744272371646,-1.738355593125109,-0.2393599426326558,-3.6474431986256146,0.9650908763076221,-3.353694063587974,1.0733401768635453,-0.38449051552353,0.8146844372940691,-0.035828788950499346,-1.934214137249891,-1.5537073808646142,4.430443167058837,-0.9168984222998458,1,Group1,TypeX
3.882733587081463,-1.6682429677402775,-0.45844359101799514,-0.5942700547581146,0.13835528370670158,-0.6971645019909929,2.2838323242187286,0.7911400043558836,-2.5473249399945637,-0.28479555664743317,-1.3498558704153365,1.6879181088321211,2.8637369085233946,-1.1507402897675274,-0.4817615528162469,1,Group3,TypeY
-5.981718922917284,2.3017412890220967,-2.4550468085747985,0.8928518214151199,1.3141989040817497,-2.6096689152036063,1.4537630919236029,1.3779743339254138,2.251956507349318,2.1487062939370514,1.3626781598190831,3.8590328312720086,-1.2264037323273198,4.681832679665586,1.327748547206371,0,Group2,TypeY
4.674066061795417,-0.3854638295173026,0.48019785684247407,0.02424460576291443,0.7304237414995962,-2.8552797228553133,2.173211516644379,0.9067842666754293,0.0490581093240241,0.405850266692899,3.6667039077619723,5.507789432219293,2.0025169483519045,1.3585421089560692,-1.1761361940138937,1,Group3,TypeY
-4.883895729339708,1.016132059267452,1.2036805423468955,-1.9078776407900027,-2.775015095393859,2.9795803223341695,1.3233448425509255,0.5224452109266943,2.755434697733712,-0.44859687310912016,1.8490945003339943,-1.8324151373402184,-1.9230505589179563,0.2690872731916047,1.8063131759325213,0,Group1,TypeY
2.676784993678952,-0.1683179311391394,0.3248208161275079,-0.6275120689521023,0.835055225537195,2.811076704806256,0.9359450601495762,-0.33227270125008823,-5.656871256294697,-0.6125509023540618,2.4935011506975084,1.4054119115974466,-0.5979912172776098,-7.463838672917924,-1.0635708035749198,1,Group2,TypeX
-2.0121755166909328,-1.3083921798364666,-2.238471846481803,3.359962421637696,-1.0984632728200625,0.24836954009832146,-1.895130796677901,-1.9795942758525282,0.40340598255746163,-0.41343880237651026,2.8278720489279356,5.409488046509988,-0.47121527076558345,5.870270770331883,-0.7744438439437901,1,Group3,TypeY
12.254808978355285,0.3605334412548984,2.8114361124554343,-4.582004120906927,-1.6921041539324664,-0.5234165011185155,-0.46976811543566566,0.5292999339436693,-3.9408431434562488,1.3561067142103251,0.32657144750363953,-3.217989338219496,2.9726683476182134,-5.9113160313708315,-1.9763843189745391,0,Group2,TypeY
0.17685792654020624,-1.631660661420788,0.8931244724845111,1.1687935679744217,-2.349350093639365,0.548908227911979,0.5254257851879214,0.22848217771819174,-0.8788881210401969,-0.08616210409949455,-1.999353659143236,-0.6375310553473409,-1.4521093958414257,-0.3606735702531877,-0.8879562927170517,0,Group3,TypeY
-2.584494861129437,-2.4879500199979576,-1.8659567603409353,-0.9491374497349887,-3.131815482593149,2.8555745437181246,0.22967966343804458,0.310539637914204,1.3657882371289403,-1.1152172279709192,-3.7741578780136575,-6.50652509862303,-0.7210046003461883,2.9362723860100095,-2.304227653778616,0,Group2,TypeX
-4.18010497445253,-0.5523369901835382,-0.5785034874462283,2.1963410266304373,-1.4715948862451633,1.105302233123907,1.093911608199803,0.003582601832783283,1.6648845268955232,-0.19466369502467995,-0.41491443613995416,0.143886236973731,-1.2533914449960772,4.02564915437903,-1.422316345014298,0,Group1,TypeX
9.291313021444147,2.3091462972017203,3.0912119122306336,-3.9511219728196068,-2.0787778654591174,0.7297381534223697,0.05456370670556421,1.451926632314722,-3.850514976788374,-0.947530740972112,2.8586968521426384,-2.320808665928868,1.0451106549921572,-5.754007170928144,-2.559824798172853,0,Group1,TypeY
-1.2973269965695036,2.810627468506608,-0.47725540213187134,-1.4349651614163976,-3.230907874821943,1.4853471030663368,-1.5032624806452421,0.3467240162419504,-1.6637755889881256,-0.33702637468137664,1.2250905261060958,-3.1837572947503117,-3.9902985385952343,-0.6012987864316455,-2.065998660318261,1,Group2,TypeX
1.6463562408172832,1.9489275055151865,-0.501248805810226,-1.481696164713798,-0.9360727298957195,-0.2928539441616833,0.7787179893856944,0.5135213692547353,-1.1823980502330513,1.9222245602694528,1.5534932417787193,1.6905272041276567,1.9226381759425437,1.2400175742736579,0.05320044618677344,1,Group3,TypeY
2.0709703922244134,0.20146172072470936,0.31920373888595244,1.3848902525126265,1.5597367547599765,0.6483961967149412,-1.5703146409961066,-0.9928687053786982,-1.5086965654041222,-0.5492386533125753,0.09115779266152801,-0.22868629259749781,1.069851297501754,-1.034757019731258,-1.3379115532239931,1,Group1,TypeX
2.918402103195618,1.161288957346795,0.17918385226370004,0.24568349301984116,-0.35255634566675065,1.8831728345890566,-2.427529265044287,-1.177031631453071,-2.7398880680776134,1.5623545093732296,2.684592896397765,-1.0736435896650616,-1.0585419957889814,-1.942057534221717,-3.1286710690467388,1,Group1,TypeX
-3.62222040297685,0.7313696723890223,-0.47901676493851353,0.3074335227100746,-0.5965253885068197,-1.4441761935126407,-3.7760157756012562,1.43388446819627,4.460532519379346,-0.695680744166515,1.1990629569874454,0.5068947111651363,-1.882610042879373,4.402201964626919,2.878153869412898,0,Group1,TypeX
-1.6100598896262652,4.0036338768374025,1.2927518384878023,-2.0328755076442997,-0.8919467879884607,1.1565665311950137,2.988337237920412,-0.30462264835473557,-4.14455367690961,0.5721731310374635,2.1947492529804924,-0.3822132986231586,-4.319343010803537,-7.119431878671239,-0.6106721936078441,1,Group2,TypeX
-13.678232577660443,3.0986178150671075,-0.7132395578786703,3.4690912463903727,0.21859397216716325,3.359815571445176,-1.4443658641966695,1.575720450373765,3.2802715664991378,0.018790511307940762,2.9933084313083813,1.7621040502204772,-5.438686951183697,2.8144992580676447,2.8088161989288913,0,Group2,TypeY
-4.044713422406545,1.3435060789070052,0.45234534028215456,-1.086124093961902,-2.3069227389813616,0.987778807320999,0.8283608805296052,-0.10861665493834241,1.7350994818444616,-0.11607081012048345,3.3311570334632687,2.2274018223176695,-2.2111936774919947,0.9165232427319774,2.363935122863506,0,Group3,TypeY
2.6202953853153352,-0.3343339759574111,0.7114448056343969,-1.0292704923515543,1.6609123575064975,-0.542015484921444,-3.446377303349133,0.4331840672715426,1.2848082878246156,-1.6037294750298954,-1.287353425005426,-3.356029910712313,1.1342957890830596,-1.3572608249505391,1.1316412025271738,0,Group3,TypeY
2.070875199467292,0.1487779236934612,-0.26155497847021514,0.34511353896019903,-0.7179029694205745,-2.4862614987641445,2.0785802033712777,0.45005467118514625,-1.3884920789443789,-0.5895789959361277,-2.371264643834256,0.6656623134248457,0.6345683116767193,1.1490806896643446,-1.579477044245397,1,Group3,TypeX
-3.7144467745016287,2.8383140113204406,-0.13322618400464592,2.674294368865982,1.236246849256169,2.4469201081774896,-0.2056320873101728,0.2850347420993615,-1.9009733438286354,-0.30639542708651957,0.5138112443694343,-2.381492613704419,-2.95829066391536,-1.1546496323653075,-3.8950110718716346,1,Group2,TypeY
-5.944838617090924,0.41936848256165216,-0.27355704898178757,3.763163783206683,-2.2127201565710317,1.8711461775486566,-1.0974636695583175,0.30955564676715147,0.24190931363344448,0.543339596999048,1.4520688765653615,1.3238410045449263,-5.033268132541331,2.4230351588681542,-1.5901302225077578,1,Group2,TypeY
-0.12253533114706444,1.2225660917182877,0.1868081012516375,-0.6565776205393155,-2.2609231208938363,1.5092747087926282,-2.85048682277937,-0.45325952594704233,0.9151160900529108,1.718439615602714,0.48622013214726756,-2.770087027808686,-0.47524068659231544,2.067711290374264,-0.43562333440782863,0,Group3,TypeY
-8.327035647468835,-1.1179254915513697,-1.679904786402873,1.5025793627043047,0.9998636674355372,0.3896992471166558,5.6302088176149905,-0.4350526002358597,1.4900584747749575,-1.4780022553041843,4.278703240826762,8.719726981240424,-1.7233180679582372,1.3085269477553798,2.9679957444542597,0,Group3,TypeX
-1.4396721898332434,-2.914246313561044,-0.720557267735026,1.3010140791894627,-0.6702342135222985,2.262602909245084,1.1434028785064094,-0.7712694166774808,-0.9844224042676379,-0.5029096500380191,-2.1766801747023887,-1.800421099974395,-0.8654725801463163,-0.7217492262663537,-1.8109120076802754,0,Group2,TypeX
5.365257187632665,-1.4912889801696434,1.5966243831351625,0.9340741183972588,2.3107592646317636,-0.44157140180255616,-0.19732541413029914,-0.402833428474804,-0.7261035321044206,-0.1693288571150473,-0.08446749106997986,1.514793946472141,4.027335569695855,-1.397707364204212,-0.1699774289485253,1,Group3,TypeX
1.277549124199768,-2.6093888892311394,-2.697151246894998,1.9159692844182752,2.7139670431536733,0.5618547431865055,2.620916841622853,-2.207547565671355,-3.129881081316587,-0.26284049946239324,3.7375777236465315,7.257077523870758,2.1790383186087134,-0.19012702237017445,-1.7021339545341365,1,Group1,TypeY
-1.5671869586259197,0.9975817996113732,-0.654182449105422,-0.4900886059937739,1.2520866340346268,2.7305186714197216,-0.4763219884120873,1.0844775248572875,-3.502779177772135,-0.21188953119824255,-0.8513617328153811,-0.44401821397027563,0.6882727080694375,-4.377667673466768,1.961771907183591,1,Group2,TypeY
1.7652514707068419,0.26476160352005895,-1.0717308855903154,-1.1351069196964056,-2.189503307079221,0.9348308327855193,-1.8023036681639732,0.18609302087593527,-0.6383164430840826,1.2962567097480018,4.191931352696944,3.4352290469043982,1.0510528016212017,2.3217765549613563,0.6758857063672143,0,Group3,TypeY
-3.107572431380351,3.383815248500676,0.34345874146611943,1.7557878992183475,1.6376926336749795,2.840229454356969,-2.5308795116260256,-0.2619450064243539,-4.903813596410423,-2.336069605021263,-1.0231369763921094,-4.170500233680284,-5.063638458768014,-7.066486999797393,-1.9832922418348606,1,Group2,TypeX
-2.140149342411101,-1.1994773709402675,1.6920612763163754,0.6191365837841292,-1.1424250541104182,2.566515561840477,1.5011252204084913,0.8530151882434975,1.5097927127722335,-0.27811986436633407,-2.082415134426445,-3.7796169640137847,-0.5426582303249721,-0.41856093769780767,-0.9280013111377766,0,Group1,TypeX
4.362714800345891,-2.2271030357520765,2.018262584731395,1.4614990827553758,0.15983675761088956,-4.53221590306436,4.513369096850683,0.6352455366039567,0.5381840760606269,-1.0262423753029,-0.08179955347087065,5.164051011737295,0.9388833153720996,0.6223426155092915,-1.1407474161824607,1,Group2,TypeY
-3.441772365143808,2.2788121304567133,3.334718195595524,-2.059401959684302,-0.6604342019069038,-0.1294974778779976,2.0626254236784236,0.6232358966388174,2.734650507693498,1.6371217900017057,4.119506773166344,1.3701105457598457,-3.853611690215852,-3.842628304208615,3.4319466150444624,0,Group2,TypeX
4.16357268772354,-0.9735661624610721,2.2442890950121974,1.1527821166232721,0.4524101555665372,-1.0994100836106737,2.3010539695758823,-0.8489046563704645,-2.5732779393211445,-1.308684130989139,-2.127173985024498,0.46817824151639326,0.7205865484148359,-3.544082453604275,-1.5734780543266278,1,Group2,TypeX
1.6231929841413435,-2.0704773059571506,-3.709218274082769,0.2834759537949674,-0.9371460803457958,-4.197016125727234,3.72433921542952,0.0005393626288786419,1.2729598049742656,0.3029623074987311,4.894738190107972,10.42685682323251,2.544393743794745,8.372671066097666,-0.8791276303100034,1,Group2,TypeX
4.909738317925999,3.153616479501836,2.8512858582154474,0.27987594787522463,-3.3822217367617378,-1.6453467796735293,-1.4499615255954623,1.1748140575856918,-0.898366134728619,-1.8789809447538273,1.8733934206487535,3.466890899593136,1.8927417284353796,2.629966245335189,0.5189362834773461,1,Group1,TypeX
-1.4250986207056566,-1.7219476501267013,-1.567139086354564,-1.9233311180798807,0.015704897236717974,-1.597707798909791,1.0695072537837718,-0.4597413950630392,0.5320765566355212,-0.33908829452682704,2.098222201341571,3.0467837710089216,-2.397711676299081,-1.592371576751071,2.393690595296948,0,Group2,TypeY
4.040994574860502,-2.0638939104762803,1.5042204926208438,0.618925739993514,1.4824698062289985,-4.339643664772767,4.502038081368729,1.1772087874169148,-0.47210713984016106,1.8341345643623908,1.9451770596786653,6.67756843257451,0.12020715031450813,-2.1657045456642843,-0.0768133631429847,1,Group2,TypeX
-1.3369394331179596,0.7639861467031928,0.659310570033854,0.537369246072819,1.4324275271847484,0.3562516521462733,-1.5527056978216929,-1.1063441570771089,-0.26297786331779105,0.1016557615660292,-0.6555121352891067,-0.8665105074424785,-0.9548485439402132,-2.429490584668319,1.4776358314403033,0,Group3,TypeX
-5.058861132956638,0.26663206113122007,-0.5243097397288172,-0.8610518601382946,-0.23679719697688417,1.0938940639788342,2.3363112689755816,1.494141897266825,2.655065471715978,0.20139455871528109,-0.48710468597006007,-2.4115511178922358,-1.340453236414048,1.1888353435538852,0.12177319399343278,0,Group2,TypeX
-4.077331197196543,-0.8463878552086416,-3.596967087290971,2.1776589770366614,0.8568374832512207,-0.6190411040548216,0.5622795244170385,-1.5144140623981206,-0.5606079384417775,0.5487004763949003,-0.6997590045644071,1.4486359359349343,-1.9152638031286826,3.0019822315468825,-1.925540559135386,0,Group3,TypeX
-5.583743655101281,-2.3301486101771833,-4.169106420331168,2.5637446249787863,-1.6397180590164062,1.0583765323120684,-1.4387851568429402,0.2452917426369353,3.764172517229533,-1.2425008369193873,-1.5036679283357102,0.43772488247043956,1.3866069288874927,10.745538079439045,-0.7222882232376483,0,Group1,TypeY
-2.3704844332384583,-2.786229033557448,-2.317069253187058,-1.0214573858780192,-3.5229345381984896,2.505480988491469,0.09666395248342396,1.0574272871141361,1.6495246460342305,-0.08081557316355767,-1.5804580496958862,-3.4858844165703196,-0.39470092572907134,4.146977965336234,-1.4304415312787333,0,Group1,TypeY
-3.864491153595553,1.307119735069971,-1.954786062081436,-1.3826357320924876,0.06674980004971598,0.7051869985161676,3.918699108110377,0.6561162018602708,-1.2325832200811786,0.7692152772290496,3.437707012128641,2.437216431614719,-2.3954882312556744,-1.2261014819397504,-0.7702384890943982,1,Group1,TypeX
1.3209465226154207,-0.931682057464088,1.4767156215968784,3.373762299983387,-0.3933723301324983,-1.30779932975955,-0.5011797412054939,-0.4299001052078867,-1.5755189368783702,1.6776254421561345,-0.007206303361185551,3.48480214620226,-1.8002081376796055,-0.7382817193248898,-0.7511928410549459,0,Group1,TypeX
-4.3454383772423455,-1.6943879712136516,-2.991629391648164,1.823164576740323,0.5367427919907573,-0.01442301485500841,0.003007014775029293,1.67817992212487,1.3809897351387628,-0.07296943188127829,1.079211071945569,1.2325405742980489,-2.6027826289495826,3.3152674343983577,-1.6972232026247565,0,Group3,TypeX
0.9484356878037407,1.4582317011375143,-0.37851839278793853,-0.033552771405088166,-0.3864621223286391,0.2706168781885643,-3.332563837158398,-0.6411116541527696,-0.11260951636549188,1.6588696944553298,4.168459573563296,2.6889708331709716,-0.1664268796576115,1.3129142869621588,0.7278810019629385,0,Group2,TypeX
-4.835136518323343,0.48759560879701713,0.43906969122101935,0.685263152821372,-3.0090549635733126,0.36437773152689146,-0.5215079085693657,-0.7728337308889638,2.435390162142147,-0.11399655283962636,-0.008867961969314608,-0.2679521475955915,-3.4331319700990837,2.659179149618893,1.2128681884801995,0,Group1,TypeX
-6.060613923981248,3.15157093170951,1.864653087055741,0.1325902581955174,1.3772899865820496,3.472847137419339,-1.222380089146289,-0.18716554786386091,2.0606021558940304,1.2762639878735544,0.5155818604077222,-5.204338851292513,-2.8771970016952784,-2.7746786680431903,0.6650598399679726,0,Group2,TypeX
-3.933576455032536,0.34410482452059776,0.5024266339962498,1.214724622921405,-0.757841253955439,1.6700374229482704,1.7332057869405615,-0.193155224849579,1.6321077963264319,-1.9783849165730842,-2.5481459695025324,-3.1225021728705684,-0.2844922557407259,2.030289369273052,-1.1536095696412032,0,Group3,TypeY
-7.382260625069282,-0.5098261194255977,-2.1653194687105,1.8444636623923825,-2.500475196432059,2.167882584525624,-3.7070997129656424,-0.32573889318261995,4.184586533706279,0.11333446390530184,-1.284833536180325,-2.1380827346270426,-1.5933353153802199,7.537003585318695,1.1997424464204074,0,Group3,TypeX
-1.5361209389458776,-0.8468015389494162,-1.2385747189376957,-1.1310590341755815,-0.09365379265182905,0.4609413563545134,1.2027757034695812,-1.0886348430590387,-0.21382349782442067,2.8013729896349786,-1.8036850311114945,-2.0866759015703957,-0.5372484975986701,-0.7900239381514758,-0.05110853549814842,0,Group3,TypeY
0.8416589701088542,-3.0319647464641424,1.4289052726484446,-1.2088709854239061,-2.896792108157589,1.6441996184227923,1.9167279381649895,-0.6866045318482008,-0.9339144163003859,-0.8456893114465224,0.17677318712367573,-0.36059358392315793,-2.333710075124296,-3.8708846792403255,0.2094527916222475,0,Group1,TypeY
2.8124738063394994,0.48044615850130146,1.4457115714011612,-2.578604557677103,-1.3488409361938296,-0.664070950434122,-0.4285517087597933,1.8752253884833885,1.092547637721903,0.10451403607582113,2.5297091120738004,-0.03126807347730624,-0.25901102745267024,-1.0808443135514005,0.9045381695935355,0,Group2,TypeX
2.9863283238135456,2.6710149153288523,3.940639050220111,-3.3623896580772157,-3.3665334357566583,0.04380748211888397,0.8833827898758846,-2.0615231121122495,0.30339502023106646,-0.8001752986641041,0.6490137228086692,-4.627036556857714,-2.4169297551233484,-3.6641035970024594,-0.9580385613658451,0,Group2,TypeY
-6.43403624476215,-2.401142828331298,-1.0699306001375268,3.5376438108897688,-2.921986108473943,4.126422733550629,1.0121426147878811,1.1026920460743783,3.3702186041514124,0.17782979970543425,-3.0157009894962807,-2.8563326796350874,0.6379705871082095,8.00154950737827,-2.5030318630743817,0,Group2,TypeY
-5.214240912903454,-1.3951501630398533,-0.9351464637780633,0.9347377858395025,-1.6718513185691646,2.2122874753695023,1.0182418087043066,-0.6401465050936997,3.354848737795328,0.5080122910545997,-0.6974241197148792,-2.379825655473816,-1.1631077105780165,4.383705868011334,-1.2273932281036344,0,Group3,TypeY
2.766467158409573,-3.234603445067938,-3.534479830103165,2.0436411314030885,1.4063199810416656,-1.2804583551619326,0.5525620769280917,-1.6352902700715526,-0.6557515863220165,-0.9186164585230326,3.899207411740851,4.215529303682762,-0.03967199266801402,3.792364164136364,-5.458407563252888,1,Group1,TypeY
2.6772804245136532,-0.2016198659278935,1.7158510395004858,-1.3196184777997155,1.3890849879509874,2.969177488097852,-1.3981617087240972,0.18033869066388744,-4.011459761626121,-1.3432093905839007,-0.5120448498105841,-2.08315051284317,0.44339778611001823,-8.55864187391507,1.6984812247299819,1,Group3,TypeY
-2.5333024979238625,1.1348265477887651,-1.0390179498585108,-2.3347967841047144,-2.2553281871197557,5.94341809825567,0.7658639029472085,0.6490933843875007,-3.7515286158475716,0.9205095750656788,1.9598934857468961,-2.228342091475999,-1.084318006950474,-3.9223439881765585,-0.40900440232128377,1,Group3,TypeY
-3.035370543999783,3.9252524211078055,2.2205475974604116,2.7496689345060847,-1.038493274515267,1.3636040028651708,0.5981150265148947,1.8266470793119378,0.18488061613921425,0.41744703441079983,1.2015065305897292,0.5305366949505061,-1.0243418191462308,1.9956177483330968,-1.5354658022636452,1,Group2,TypeX
1.7542174325142308,0.02687272304230004,-1.107812563259325,-0.058757712104660964,-1.7937860722962338,-3.4429193417644566,3.0119371064566205,-0.07833084893015722,-1.2218416725306016,-0.5154692730838591,1.3550238628639377,2.7663163515168905,-2.70724039665007,1.5523405468183409,-3.5358462734949594,1,Group3,TypeY
-1.3356636531615873,2.040744564894788,2.1189164180034847,-2.3780096941942324,3.0198649034068126,1.47978337076945,1.4438227610275955,0.367199798775388,-0.21531451065466123,-0.031471370203683895,4.014444443691946,1.641707657152015,-0.18901923954064104,-7.114094721068686,3.9217711406768054,0,Group2,TypeY
-2.52435856789554,-0.19085571940182589,-0.6373850301064643,-1.1990161358085385,-1.8177464379583106,2.257161501656655,-0.743174453952835,-1.3853605184444944,1.0431255118937153,0.5930540502830212,1.2889658206276864,0.672137242629938,0.6396479459569744,1.5141702368334091,2.6421334903725953,0,Group1,TypeY
-1.9383611986513951,3.7922076352164757,-1.5964479095525212,-3.4466371198132952,-0.6408478004718294,5.59263158821909,-0.4093888645211724,0.01783225452975753,-3.6883387056752728,0.03756685870725232,0.18253984542647872,-5.389717820450897,1.3707385642837084,-3.072602862306031,-0.45939757238292345,1,Group2,TypeX
-1.4835040192870073,-0.08256985013322504,0.5186922280273176,-1.2909040270251504,-3.1897893094103296,2.547979466303847,2.912344723325888,0.22352376254153686,-2.2105038641192984,-1.4839790594674176,2.345684334699038,3.5251779536587176,-0.5030161292342599,-2.033478643747725,1.9509699603726525,0,Group1,TypeY
3.255652929536055,-0.16758611927838296,1.1842046392031624,1.9177463900820622,1.8734435832619862,-0.7813017232405609,-0.04859389691041738,-1.1858149110149452,-0.17302918780849197,-0.32474193508197385,0.8967507228467501,1.9542356920062047,2.2927005830808636,0.5392758187711071,-1.4689997496677805,1,Group2,TypeX
-6.005338413252411,4.501416200975001,-1.3311174508644363,-2.9898258286512807,1.9513518667536496,3.7680755372643553,3.3446283618480175,0.9780029759984087,-3.527256887581394,1.2705292241471429,1.6854188162341852,-7.446697019470217,-6.839410930479018,-8.754190830913965,-4.440781559152088,1,Group3,TypeY
-9.167528239277553,-1.2050455659462265,-4.145929877132826,0.9203672979129721,-1.7518955857812584,0.19752105801429098,1.8213383556347453,0.24784628190182476,5.0219540775934535,-1.0703205486518375,1.8878358948146508,4.263976175113311,-0.526157723101333,9.776332340051818,1.8592310802438354,0,Group3,TypeX
7.517484478928094,-1.125747580467971,4.456846416089947,2.192326579392235,2.6655541621546583,-1.8134606072379573,0.9538770627995857,0.34936355348237974,-0.11059286740757346,0.3420994815573816,-0.46735161148435966,2.1667867142676958,4.441974359044146,-2.14874267105849,-0.6975323699539153,1,Group1,TypeX
-4.935986675575396,-2.202849118953025,-2.134997367146156,1.8193074662923154,0.8816462740594628,1.341361330164051,2.3791395404024787,0.27403884064930323,0.2914226238382003,-0.265924194072433,0.18759946002632,2.058075332747624,-1.1463527285049746,1.1239705559899424,-0.43774283303059613,0,Group1,TypeY
-8.460310077532611,0.1084792151218279,-1.044561464839171,-1.5091945333227947,-2.3420415101540604,4.116970027990016,3.4681878942934796,-0.6892766231523877,5.546737602993336,-0.6849961501263927,-0.8743893822930952,-5.071165411168909,0.38783575437824336,5.785058423678049,-0.23058668241457025,0,Group1,TypeY
-7.771375425102232,2.2923270113392995,0.8721203178075818,-0.313513671312742,2.1538190712762773,4.884378482962646,-1.2896069359531586,-0.9126787606958671,2.0542418330124432,-0.2786563338793094,-2.1985929345700805,-6.829496119677623,-0.8051035499967146,-2.879721483246993,2.552040810814642,0,Group2,TypeX
-4.971362719014123,-2.290134891241371,-3.400870649112353,0.942961030197538,0.49033576000765877,0.3479462290905547,3.6533814545559693,1.2114275036324305,-1.6364783726640093,-0.5054472096535272,1.5965315339729402,4.836479679025575,-2.6449963066558606,-0.37862099071330074,-0.09667420672761062,0,Group2,TypeY
4.8260298684470655,-0.4251940414576676,-1.1791548678087715,1.8031639326729296,2.2128516106812453,-4.8246107751810525,-0.49833217887766756,0.22957264107425313,0.2289282678770601,-0.7243636318034608,2.015071485847275,3.5985431815381865,0.36249403600552155,3.2336446377406403,-3.731787298916648,1,Group1,TypeX
-2.0006843053292336,-1.595266599807375,-0.7857716788132472,2.170381872534421,-3.0718370402560002,0.7579204764255332,0.2943227120034627,-0.6512874649831818,0.345197995327038,-0.9681285978523266,-1.9787190271913206,0.9714876107651482,0.04361144201153566,4.721341973513132,-0.673849415979662,0,Group3,TypeX
1.1067103190316188,0.5202679646595918,-1.1477285096569592,-0.5926591871877875,-0.6450435793134242,-1.0239318683352605,2.363657813134223,-1.424971171815412,-1.2951894274945985,-0.9744525476102961,1.8470184633440925,3.5243888507572834,1.0568950922481206,1.4864609472553088,-0.7875908068842831,1,Group2,TypeX
-3.118732752550863,-1.7165466447131337,-3.4325981346696017,1.9397631710272534,0.5527223990249066,1.7460942028842492,0.05930232302598215,-1.1561273671510321,-0.4383401926777285,-1.1087648954049951,2.03503104829032,6.625534644708291,3.427080764217191,4.878016665178104,2.0830841932461652,1,Group2,TypeX
-5.968841424789994,3.5829674531192723,2.2448454019327757,-1.291763037184862,4.193519956021804,4.191418543555189,-1.0009554829353624,0.6632733812644779,2.137400291341492,2.602479874874313,1.553566535303299,-5.054924475787226,-1.1002756564683946,-6.022234899848377,2.968695228995802,0,Group2,TypeX
-1.893974472517448,3.956623732077527,2.766981701465592,-0.09330301112410444,-4.36343409563408,2.280982141709014,-2.48038509032068,-0.6465284794765146,-2.34227591453768,0.8467711090082444,-0.3675344771228193,-1.4923830150374922,-3.1514934134909938,-2.4798896611094436,2.0799767603582677,1,Group1,TypeY
5.26657728721867,0.718357673606334,0.7793147826006508,-2.3443298925634863,-3.7914506193072737,-0.46968141591325097,0.5776357704272876,0.5698763759795229,-2.7879253606776584,-0.6760543665488049,4.355711175961905,4.402743151775136,0.2195387684430743,-0.8669178644337961,0.040891597939144986,0,Group1,TypeX
4.871889328659556,-0.41959405816624973,-1.3488478292108619,2.1946821977180138,0.6518734596505631,-5.657364872987723,2.2537675224473035,0.22084177029035232,1.0386583752815404,-0.042824379075518997,-1.1562387825003508,3.3929506961801503,3.383579678628762,7.763482974035167,-4.480234952486538,1,Group1,TypeX
10.784067286669101,0.4928410072645667,2.07596725142177,-4.364262829568469,3.560440600028665,2.8303490939830356,-1.7923099513784888,0.47758881955300486,-4.197519204929766,-0.9172616421772875,1.1252618160930694,-5.221673388838657,5.629255214871767,-9.15140600423347,-1.3420993412109663,0,Group1,TypeY
-9.387170316332677,-0.7026610397166229,-3.353296575529589,2.6887130180689955,-2.8631399882673887,2.279146651929496,1.8500910029688855,-0.2451724218513857,4.313348145723824,-1.5184156988286825,-1.6605370146873675,-0.040036280069449995,0.4136106578698371,11.2361807604063,-1.0995388483625816,0,Group1,TypeX
-2.2861104002580084,-5.45306154706969,0.28138641432928746,3.2619005326325974,-4.598271804558703,5.191115438418178,-0.714022410877925,0.27361458116570514,2.5880771374710188,-0.6005066354139633,-4.024092950597417,-3.8727758941053776,1.4076440972983297,6.1325486857145,-2.1907070939183093,0,Group3,TypeY
-5.658425039281068,1.4319749231974512,-0.5442547981073098,-4.512544962588244,-0.5787637726563053,1.9466776460507367,4.066126805714728,-1.3376741860876842,3.127650710259023,0.612171618618584,-1.930093417631297,-6.308230287873233,-0.2618663834646191,-0.564669121968885,1.3543262826562898,0,Group3,TypeY
1.7803012134672274,-1.3757822144746048,-3.2578912257746397,2.3464629852010908,-2.5442195751818817,-1.530743528050614,-6.0176669879312685,-0.6560347582406549,0.014302165215985707,1.1116314741410516,1.2365186690765655,4.172289343697792,0.5999802367939135,8.058552739347208,-0.27286192323966696,0,Group1,TypeY
-0.5202889271191974,-2.79424530342916,0.6306914159313621,3.4143205488963138,0.4292557006596426,-0.8745962970830421,2.5185009175552806,-1.7890123905014412,1.3389289471117896,1.007117823412373,2.530760905234507,6.147180341292837,-0.21685587607324175,2.3026389640969125,-0.9083303984189105,1,Group2,TypeX
-4.847804609986799,0.9392041560136852,0.7432990725098351,1.1714914353827952,-0.8429107465067744,-0.9002436731288155,-1.6445385026816193,-0.23186850662578992,3.090889482660739,-0.34201734580477505,-0.27667794881565166,-0.5464464303607517,-3.8088364593463466,1.6050074506277667,1.8098341378199614,0,Group1,TypeX
-3.98514545536452,-1.6997190529123012,-3.20304944408801,0.8940927091470878,-1.9827792761662442,2.354115538337346,-0.9596027595259631,-0.7411626686348293,2.608350522490013,0.807739555984151,-3.0209974366611334,-4.396356605826409,1.0040411536786484,7.5173062056299225,-2.432143960972462,0,Group3,TypeX
-11.008064318588563,0.8277257794883688,-1.0901345947031507,1.291429325584672,-1.5626853583046285,3.761521280386544,0.008903814052040326,-1.4297242430303712,3.342743461935466,-1.4208939852234432,3.1271978005795753,2.638184328938935,-2.8816154999671886,3.4662709236721883,3.735038603055104,0,Group3,TypeY
3.7213899353850257,2.0972834157106224,-1.0421233775859204,-0.3690029066377212,1.3809580264891756,-3.1042487497830553,0.7903088268816113,0.4133720291303957,-2.5254648523064978,0.05461178291007045,-1.2395068888307725,0.20505304488653933,1.430780290543333,0.19532831821810961,-2.3582984227705155,1,Group2,TypeX
2.939842153707684,-2.756503220036481,0.6254270151594883,0.3735130833634952,1.5491948315366901,1.1307966935514138,1.174357356276605,0.32525167585434406,-5.0903816463843725,1.1792631585792293,1.6068334558228377,3.5611814441641085,-1.3806774199759957,-8.474335562927255,0.42264038354875844,1,Group3,TypeY
-2.3244452026720066,-0.42595875919839243,0.75294527880913,0.18522080146336317,-3.984945280671377,-0.7662201977505898,-0.15259225363784967,0.21747348301422456,2.434250462754916,0.9078523849098702,0.20115364662940072,0.32911664647998595,-3.2797842044556935,3.0027010020319533,0.5897377945393585,1,Group1,TypeX
4.305787705569156,2.781373915865246,3.188696542185221,-3.379234063781299,1.3408787635176047,1.8232435212517908,0.4855244071999192,-1.6795027929134034,-2.5015481566666002,-1.2083035156593327,1.9845454586760547,-3.186270533934463,0.6789347405552426,-8.195501149317547,0.08180928325661463,0,Group2,TypeY
5.032117255679666,-1.9357337079156123,0.7227821015136494,0.05425340999953854,1.5780103265096719,-0.9418764347666597,1.7360953577479128,-2.9733061712925575,-4.507320171560471,-1.265636445089811,2.076967940497594,4.233776823182942,-0.5999277380082713,-6.689921448871881,-0.682982384855485,1,Group1,TypeX
-8.557536490710328,1.458931124913572,1.6131633374496455,-0.7861031436996321,1.0630271922756345,4.831160035380568,0.2211845468808593,-1.218176066807319,3.273755095316307,0.39631968200786294,-3.0366748014190525,-7.897493316675157,-1.6530043747442476,-2.919124802352926,2.5846013846328812,0,Group1,TypeX
6.68004031798133,-0.18567868374411556,1.0230844856993437,-2.205292583817544,-3.3811495102060967,0.7178389189599698,-1.9236325984276077,-0.09759389015441426,-1.6128633884723222,-1.6833821330428256,-1.232970227601343,-4.4474431066270474,1.3842144614143113,-0.17024694248846206,-2.6424537811828475,0,Group2,TypeX
-4.120448743623804,-0.7923259241616157,-2.6228779897828236,1.9015699872176568,-1.0782462747644164,-0.3007096631463442,0.1114654760827195,-0.5106839381956507,2.1049575342505964,0.8717244241841364,0.13106983612215806,3.755703669524132,1.2700835794547207,7.379735735193643,0.993202456508931,0,Group1,TypeY
-6.028815285455782,2.515099074283237,-0.7224063913890597,2.3297922585055986,-0.9245508056232813,1.6621116989402962,-1.4743462031117,-1.4036162110718102,1.568450168519298,0.949263174282309,0.21015914398124202,-1.6708636816808504,-2.554443945515846,4.053479555741133,-1.427918340855143,1,Group3,TypeY
1.4996071963848432,-2.429645152579903,0.9741411259179559,1.6758574258025227,3.1646474988916236,2.6011477176174913,-0.39393003995990794,-0.34610427178001524,-2.610423646547355,0.8496447827066518,0.7972614013797661,2.811967145578485,2.2632386632204686,-5.273389261988904,1.829258460056106,1,Group1,TypeX
4.102569860890947,0.5240035662360021,2.3543353449388777,-2.3621768472404394,1.0003524847891887,-0.5954328102593589,0.7906576458183283,-0.5505339682007013,-1.4000117693795655,-0.6167301099564017,1.7303173433848082,0.4049298809395648,0.23081781673934865,-5.998047859512737,1.3264425244054288,0,Group2,TypeX
-2.9806857375673297,-1.5711763355969879,-0.8047432005477742,2.076274678335064,-2.6185951927693654,1.7579869500007828,-2.2561211960183902,1.963552833543816,3.9499341836255963,0.33516056653511783,-5.0705976299175015,-5.4467148237233065,1.6513695378952398,8.159810430200919,-1.435373208827408,0,Group2,TypeY
4.140888546093458,-0.6177086238578322,0.7599429201380308,1.5347002515157593,0.695674298796578,-0.5408796958336121,0.8987565064360176,-0.5060892911918885,-2.386465446733451,-1.133042347377462,-1.9317094277394413,0.7022069988818,2.775887176928994,-0.4031834306370717,-1.9141000165537423,1,Group2,TypeY
-4.306182081087207,1.7490281582151874,1.291645885322783,-0.3708558827384265,0.25282490065840557,3.2058529041931965,-0.11892778557247241,-1.104145456663919,0.5287452563980767,-0.957927839495268,1.1371732297372097,-1.7659014743501025,-1.5026289412388976,-2.767385030211446,1.768919183515734,0,Group1,TypeY
-5.939172737836102,2.9535716173017637,1.34521902957021,2.037253982389762,0.6137106001198516,-3.2247068726023986,3.870001510784208,-0.20331828541750677,2.0301838583414664,1.1222033332933687,2.1677832943780166,8.262475193383729,-1.264019577376933,2.100169708792889,4.297037822656255,0,Group2,TypeX
-3.971152026577205,-1.2223056815310895,-0.774717405816645,-1.178937208003048,-1.1295391124412926,0.7394050239635067,2.7515354006361004,-0.8420986897213886,1.9836820219218358,-1.2672766883727302,1.0829750958018365,2.159233601835482,-0.20887657517261693,1.2788603905430769,2.524918172764908,0,Group2,TypeY
-7.299413465552239,1.1391227737548788,0.5289801873211328,1.8076488837572036,0.048724011945149526,-1.4429848968956835,4.420327533103707,1.056288483746123,3.169539412827006,0.3975277565731539,3.028704597356895,8.9359401748721,-0.18055452308774123,3.6424718292735663,4.929452020812618,0,Group1,TypeX
1.9282921648831985,-3.352500290520692,-4.26580432844565,1.9472986731593793,-0.18995350443444947,-0.2357769893578905,-2.5491853442879266,0.8329454428250415,-0.3149241208457989,0.5876949018678121,1.1900728995071446,5.84330544603705,4.63110320049601,7.5677122619201285,0.10294669017223579,1,Group3,TypeY
-8.152151330787037,1.781904164106038,1.9409634820867039,0.05005555550558216,3.273819546853158,0.8766447784339184,2.0690768837993327,0.2079200673839576,2.0533773265680026,0.9859483833147212,3.2916839521132393,3.7683033193016477,-3.3266987410348436,-5.61960965929407,6.245315430563729,0,Group1,TypeX
-0.5158613451352293,-3.1284198876472162,-0.3994399877434279,1.8044839575486786,-1.3263174088538021,-0.49926076192958546,0.7654131597752886,-0.9844130461752121,-1.3737116473796158,-3.2325654325124336,-1.5142778300520847,3.2896468967754298,-1.1639279837141792,-0.3494489972629775,1.0465935800415522,0,Group2,TypeY
-1.6851332804568742,-1.6540001043669315,-1.7278310948252185,3.3553647786599146,0.42553634141569097,-0.9604244628213052,0.6012390995804935,2.524509276607495,0.37628675503701103,0.37085189271099683,2.455001531435678,5.152619886976808,-1.2651021020276318,3.808794530140164,-1.9881577442409384,1,Group2,TypeY
-2.101861657147878,4.187371528040573,-0.8903056073963727,-1.9438622378026453,-1.6896740134135628,1.0440458431817052,-1.1570073835573385,-0.010939051960085844,-1.4282460214516008,0.439842886472828,0.06367515956819225,-4.70068667205951,-3.118648969432079,-0.6963072466040306,-1.9128482978728307,1,Group1,TypeY
-7.340269568870824,1.4996589815214478,-4.678599981153914,-2.853607785506616,0.11403117085332659,-0.13855522602978154,2.8983648435265748,-0.4214829971663628,2.056422635638369,1.2721985542500975,-0.7750661689995243,-2.445588985751167,-1.3057068403142045,3.6725558320641922,0.04337672833454165,0,Group3,TypeY
-1.7332469245422948,2.798788369920615,0.6997338328462474,0.7869469318604461,1.5992827410734938,3.225110863307834,-3.7878015613437377,-0.1349902279770614,-0.4673385892052322,-0.7176391376105407,1.0144228100564299,-3.798445259930242,-0.792761042590066,-1.8927119099659973,-0.6746527669077567,0,Group2,TypeY
-2.733875532420982,-2.729988959242202,2.2816019699784964,0.7308074051834059,-4.466102336462968,4.572518687772297,2.4290209338559325,-0.7113199105465682,1.7356726630401285,0.5951311859137686,-2.5785844108356555,-4.555541887870838,-1.0355845168560898,0.8181251903187401,-1.5967712245677237,0,Group2,TypeX
4.9439208750438635,-2.8315066248188145,-0.20629255105290478,1.9237134451402624,-0.6162330047716758,-3.2241709800741924,2.9654053911153095,1.4554013377261916,0.3340061564950645,-0.588018519036967,6.157078596560513,8.755309055579941,0.007734356556767796,3.616043804490339,-3.7499840341215873,1,Group2,TypeY
-0.7965516538778391,1.7086411775299397,1.3208078338458753,1.4558740637255374,0.9025686254480967,-1.532011892560107,1.6961002002749517,0.5881572644358652,-1.4398575658913368,-0.7064755007657966,0.49152300855379827,1.8341468674590955,-2.612831876956175,-2.624682536067112,-0.7535953935412767,0,Group1,TypeY
-3.2393792181691055,0.9112053075571236,0.19439221842359466,-0.9777060408866652,-0.9066528397240994,3.0608908769179655,-0.2601135184474085,-1.431114142771255,0.7851210479841376,-0.07002977680804456,2.8297249329021428,0.5452625364475389,-0.3086877136373002,-0.33777521269506566,2.0395762829167863,0,Group2,TypeY
5.170923462566339,0.12158519294967174,2.198416489704195,-4.083222312689154,-1.6153548097445023,0.9711052379675387,1.688499455642622,-0.034572225485819015,-0.9550062804023647,-0.5112594578695273,3.862131478873922,0.5933416775617614,1.2298769840845538,-4.206705915670564,0.675819777370505,0,Group3,TypeX
-1.1720014179018992,1.8699699676022463,-0.13750437233394286,1.8186858947332882,-0.5348723006456351,0.7732897201908816,-1.681452419378361,-0.860523867981239,-2.4327847310766426,-0.07247771959403507,1.0577379014412496,0.9406790922118362,-2.4201861797170743,-0.724448210907662,-1.174181231536963,1,Group2,TypeY
-1.3833620978753707,-2.5485042815887327,-3.0216689651196846,2.1001019253023525,-2.3215540915485047,-0.22295733291435949,-3.675540512926891,1.172967699164266,0.5859432071188349,-0.5237592910266834,1.220365840552927,5.885541864024403,0.8695794167988837,6.666750553363115,2.4679114189168807,1,Group2,TypeX
1.4820563420501638,-1.8532928927969259,-3.1094810250758753,1.8039142050853512,-2.584913086567969,-1.132150186956967,-1.5193349452697422,0.3269108642391749,1.3496997202158423,-0.10140782972186395,1.6981659893660068,8.391608976366195,6.260082606395669,11.45316285200011,1.9307700174873745,1,Group3,TypeY
-6.418651275020481,2.5950900911432964,1.936854026843731,0.31118955866822007,-1.1596857646298595,1.9173811859446528,-1.3851951970860577,-1.3412597272367377,3.3005314394528704,0.5385031566390435,-1.1865485110278131,-5.370721567137548,-3.984102495612184,-0.002676192773422647,0.913794977937036,0,Group2,TypeY
-0.9156750693853967,-1.5928620811737613,-0.30016695074802313,1.1317507685656134,-0.16512381520765307,-0.05129235825061895,1.7502861339049538,2.1353211239759577,-1.1254985290562203,-0.336544921209111,0.8525182889502486,2.3889057450027433,-2.091035988601924,-1.3935136845213463,-0.8003435038151643,1,Group1,TypeX
-0.14982088132023558,-1.3392683912403296,-0.44620002270214965,1.0282858696539992,-1.113095147946805,0.3598562678559907,2.265333952633129,-1.9425705714374064,-1.400220735006536,2.3596142591001037,1.15941897967897,3.2908174457343207,-0.43726604117453904,0.34948018466077796,-1.020316161431129,1,Group1,TypeY
4.591831615962829,-3.871344727054436,1.668412236940736,0.6183255469906126,1.4883501598608653,-0.5908143753086275,1.0104212296858757,-0.4908064664964202,-2.855515057268339,-1.1309873884855863,1.8596601271320683,4.207986758884816,-1.0664685328233596,-7.0102963026402785,0.5745094380775464,1,Group1,TypeX
-0.15627834972921414,-0.8942502593097923,-0.4064176596461613,1.0548844002079063,0.9720425824492018,0.30971724342312335,-1.5232752474205724,0.3886472460333105,0.45045181077115537,-0.2686216239380641,-3.3490962049797646,-4.451839697626334,-0.2662716487928405,0.3003773928483202,-1.8643029419687385,0,Group3,TypeX
-2.3935532446706715,0.7472148264570289,-2.7989312237730206,0.8321952058501046,-1.1118692709195166,-1.4853323912408296,1.2029955457321633,-0.0617760622705607,0.3958731985906663,0.163427820386131,3.0895427088914964,3.723138156920357,-1.9749688723151944,4.943396799824373,-2.3175458608472805,1,Group2,TypeY
-5.335452612483379,-2.0798115930743206,-3.9624741122879326,-0.4998561701112527,-1.4570088816937306,0.8911923421259436,2.3845148609370272,0.7811753362875992,0.15236058222583881,-0.2153882888600766,0.9464077344617532,0.44614797422720753,-3.7531732286102186,1.8397256459493965,-1.673434108554403,0,Group1,TypeX
-7.961564017618886,0.9204629431515383,-2.859199708291265,3.8671518821574247,0.8251103711260066,-0.8827953207157857,2.3182698992352733,-0.14963594425179252,1.9879051813190531,-1.3369779581405543,1.787409059739144,6.4421067727171195,-0.7157816324156411,7.216790115235239,0.20799521943047616,0,Group3,TypeY
-2.1954159717293935,1.1500453155179227,1.9268462465920857,4.3190147821990905,0.21264182394857678,0.5494570848641867,-2.450564731523941,-0.6903518661262891,-0.048123197065143675,-0.08586390079776185,0.14261194088275753,2.9643390327937063,-0.705899717772178,1.0413626013160067,1.3644215713333931,1,Group2,TypeY
0.16585714407420776,1.2217659382206574,1.837623632092284,-2.237987881998565,-1.0077600668325934,3.1452507135501584,-0.8955560058085105,-0.4198469958312289,0.5831025306801694,0.0217130184848427,-1.128278366085404,-6.404756119657076,0.3003136584123822,-2.5167527291984837,-0.10263478595423492,0,Group3,TypeX
0.80763039352451,0.8541631677233665,1.043709793573742,-2.1235849940011478,-0.3758003262797399,0.8468952643717607,-0.3049763450235108,-0.07984915348779596,0.10530919341461009,-0.6116051462045847,2.5611494249154285,0.8985490353573026,0.4353868438458528,-2.175963168440835,2.3031254932723573,0,Group1,TypeX
-4.742196458423614,-0.7890913991086401,-2.3258808044952115,0.9626239409560746,-1.992170470314969,0.6963865925445851,0.19656475537521134,-0.28212494313773495,2.6156619518301,-0.630863510683409,-2.7194988691807835,-1.5192020695825568,0.5193921277485116,6.8128301708250945,-0.25200017916841777,0,Group1,TypeX
2.4686500279202783,-1.0365250087922409,2.6766756314091285,3.0715656985439175,2.6384003413218275,0.9453247914044938,-1.8896972559088567,0.6573210951195391,-0.37697412537891695,0.3142674218011834,-0.07741059319858246,-0.16929130877822815,0.7517029385056049,-2.818753279495328,-0.8787181553672146,1,Group1,TypeX
5.289265083218488,-0.7071851515183589,2.2512006840383947,-0.48494346461496485,1.5500038823402136,-1.0040650834483698,1.341265410307576,-0.07627815173958268,-2.53867119044698,-1.661580989177992,0.18905764545478032,1.3547701064787436,1.169188954388053,-5.549033750514088,0.0634300851743157,1,Group3,TypeY
-0.9121416195956175,0.9471579409912063,-2.7251898488830526,0.26549808984789247,-0.24637514343073463,3.10857946552709,0.648082288245182,-0.12430093887849918,-1.57606117690176,-0.07875288624464047,1.5222495193043621,0.4861338980148907,3.197907039647105,3.8338275705657936,-2.497058153809827,1,Group3,TypeY
-1.2012264574579465,0.6946023115233628,1.4751001794767484,0.6655984097849204,-0.23090299658366242,1.8187463289000272,0.45808918125858533,-0.05589646661359551,0.7211698352824492,-0.0785907959688194,1.3969004550460293,0.7639034360644249,0.7410936860866137,0.12375630909488691,0.662892617343235,1,Group1,TypeX
-5.383442028533398,-2.0763940966038383,-4.2065567956016885,1.6083281894486823,-1.1823106188859094,1.6414350177045631,1.287876294277729,1.1747618002330382,0.5811487398275624,2.116012056830995,0.5725176070735292,1.1814853957053548,-1.5412578217131347,5.270283946397617,-2.439106991797022,0,Group3,TypeY
5.187605283287346,-3.1627878753408054,1.5031180398174975,1.6920192681578894,0.9315180991886928,-1.6097541932252053,2.140141062129385,-0.4596052987574804,-2.5724719263932627,-1.063258686531278,1.4077412311793054,4.316839163932313,-0.5152378467242658,-3.897802788356681,-1.942123323130149,0,Group1,TypeY
5.58561918209528,-2.676759668516607,1.06695964412114,0.3949427550614609,-0.17860987470188228,0.29771046854579275,1.6535038082082694,-2.153588112944552,-4.550861020265341,0.22442003838225033,1.138348860170735,3.180436764831562,0.13566922621399302,-5.334351879499674,-1.4788039894097658,1,Group1,TypeY
1.4084986254936607,-1.5145397134955543,-1.7999989537246908,-3.763865024130582,-4.985063663092092,-0.783080369304445,1.641889089663238,-0.604029885474771,1.1520158154353064,0.21920418763358843,3.35716519444757,3.746228622537416,0.5813808724424097,4.152538622910212,1.4763742633817283,1,Group2,TypeY
-0.6346520302786856,-0.15884725412922784,0.4354622089714715,-0.36180533032356155,0.3283908737639025,0.07835968059663756,-0.04328021154507211,-0.5297677059230407,0.8718405858699486,0.8048559381800797,-1.7699576855603003,-3.226857556310877,-0.8632716629380672,-0.9445680630275709,-0.44741976867446875,0,Group3,TypeX
7.028180930210206,-3.6295603220655286,-2.193221537942165,0.7097686267894141,-3.197824827478968,-3.2392429428784677,-1.4158778807140342,0.29401639930663104,-1.7397905861538026,-1.5031550695996019,3.9324871052309778,9.772562250800226,2.3354657300703026,5.458247931043244,-0.06400629656952084,1,Group1,TypeX
-4.9840562985559895,-0.9367041866827632,-3.9214292245230817,3.1248008901286104,-0.5223643496209802,2.1426730286022897,-4.020163296477029,0.05202065043961975,1.3278785228955403,0.1271739191942854,-0.09256247980830068,1.0813987556703675,0.694820098160839,7.685977903570057,-0.1549850325445088,1,Group1,TypeY
3.5037976985896693,-3.1132634837663367,2.0357419621780983,1.5139017647031747,1.4314324003883732,0.3105392520003356,0.36516117406657245,0.36254309109296134,-2.5091201417079922,1.1626480586861927,3.9831189608671034,5.142966339337303,-1.9653874005165912,-6.523550443531904,0.11209478382259519,1,Group3,TypeX
5.157944837069796,-3.075634694414162,0.8116258594159672,0.1691644112738705,1.8771207153455731,0.01880520755760351,0.6399929951871061,1.0033658927291456,-5.2782496697907435,0.5484632735405707,4.10627635033769,4.88629846933327,-2.7052252504221386,-9.474100606026948,-0.6999683365108578,1,Group2,TypeX
-7.565511554665145,-2.980694635892622,-1.2455902027120938,3.5202898953631325,-2.8521919399088187,4.149472334044349,2.003353971835348,-0.26789873415849874,3.951923258337352,-0.7087782027214982,-0.819626901303712,0.392041059492363,0.5969045158649409,8.246121753637516,-1.077987234720917,0,Group2,TypeX
-0.19818505702872102,-0.9592116080444928,-2.1615583216876817,-0.27239257023248564,-1.1421633065609542,0.5605721158589052,-0.1390371279260605,-0.14031622804715976,-3.057488660080909,2.01780644879303,2.344126890764601,1.5016602440742148,-3.715582269238297,-2.0804747033839948,-1.9564165697088374,1,Group1,TypeY
-3.0107055163641787,-2.4957086506191644,-0.04158139481738332,-0.21492547855284827,-1.5587455658609892,3.417451714022004,3.0010884657371477,-0.05008059885646664,0.18837737707098656,1.4717088983618904,-0.7000602115415526,-2.2334711864500014,-1.3499308738473692,-1.3141695054955447,-1.214170856113049,0,Group3,TypeY
-1.1548396794886848,-0.8875286437786042,-1.3794800078305118,-3.5664962713399433,-1.6887750505266257,2.1814155609475483,4.09702331213702,-2.4923896515830672,-3.2119832806737696,0.659849612104565,-1.924951757752719,-4.827249859353631,-2.876510406071465,-5.5802432388692,-2.0909785307145774,0,Group2,TypeY
4.990248338229833,0.46418257006200847,1.845720779601408,-3.3367991863975637,0.3924525663133547,0.022379613312352276,-0.7559441375639462,-1.2787358548192564,0.21992433731706418,-1.2258922634399458,3.215991375621206,-0.5641534695516859,1.2974169188694122,-3.575486813556801,0.9457827912615726,0,Group3,TypeX
-4.220840547933148,1.8272695111831623,1.4307288318337137,0.5744586142394545,-1.7344027242827207,-0.806637075021089,1.9289238581347377,0.9845928948957969,0.30762206949760884,0.7906723186907282,4.776171232536597,6.204775029641997,-4.669537887215861,-1.2687506688640364,2.498823468216923,0,Group3,TypeY
-0.28564355809114705,0.3621688970228032,-0.46744653760151245,2.5825644575145583,-0.11559876045523154,-0.6611259239930838,-1.5053711582813136,-2.0210023208762435,-0.4112404547713412,0.16994471105148284,1.0958878241544743,3.557516537385388,0.10314721275599292,2.8870931874093606,-0.22406537200032817,1,Group1,TypeY
2.3702231131138864,2.1726162801819107,0.9916147066681323,-0.8022164838493622,1.5784361220901628,-0.6526144149471229,0.09615697967099235,0.2893389056429845,-1.4256621934840374,-0.17022379197117923,-1.5409266253774128,-1.4875594165395125,2.2110171412165576,-2.060575706316483,0.24961808251437811,1,Group2,TypeX
-4.121684291584137,-3.1889480237139214,-2.1753295622579714,1.3184764590317628,-3.9426227824204516,1.2588966050035661,0.8361976779528169,1.1064617708120716,1.6431361244799958,-1.2502160258948012,0.598312597595297,1.924759145487171,-2.378486005804874,5.278441685966969,-0.8437788543601884,0,Group1,TypeY
0.10264254459131913,1.4122591321033706,-3.076081763734157,-1.2153426881463072,2.9754073741648077,-1.5346617434595422,1.9344566175874256,-0.16833763423719086,-1.1739382092854174,0.23946698878043493,1.764905222979773,0.11707516841129154,-0.10309316000707003,-0.01769551473751147,-3.0821761612543783,1,Group2,TypeY
-2.524691702917237,-2.988418569130971,-3.350585135083391,2.0646158063365694,0.1377252250084149,0.5250455788701313,-1.4545813828768357,-0.38758089125557005,0.7674110803355539,-1.6653846382409996,-1.646050650980765,-0.6035065804111498,-0.6245953648671801,4.095065694646456,-1.7885094945355358,0,Group2,TypeX
-4.249598120790331,-1.1904440575066038,-4.203535752613977,3.0942381713876395,1.6268043470910714,1.204500282977765,-1.183798620244586,1.384871093794044,2.1621521563764676,0.39662793922145717,0.9638040787454112,1.738511933851653,1.9088623763181323,8.090915530943043,-2.127711105974596,1,Group2,TypeX
-4.963688852235742,3.7521396660310202,-0.5967524689203765,0.24617966962987436,-1.5307046560939446,3.873427903134643,-2.3616695361629203,-0.8047518137191378,-3.0659849526011103,1.558294956772448,-0.6214007172492497,-2.922543011139024,-2.6973375581437673,-2.0093734306600224,0.512284725096714,1,Group2,TypeX
0.689581175552419,-4.229353313337947,-1.5631680436782658,1.6635479277077967,-2.7813136618921757,3.166670785315346,-0.8017817608208899,-0.47952499463178405,-1.5690000471834065,1.629318517441612,-1.9776684971276852,-2.702377983099407,-0.8376118049438852,1.5135338029727985,-3.9867957601810806,0,Group2,TypeY
-8.718450972310126,0.3019867288135968,-0.950996377896488,2.8711811290235714,-2.6042881740012884,2.1380503818743923,-3.3499120055487785,-1.7376861982453433,3.8628575316033924,0.08534395552050993,-2.8464166830015944,-3.856117647470958,-3.641449239631963,5.986324428865929,0.4995521843236631,0,Group3,TypeY
8.042644100451746,0.2173340037458199,2.3924804087979115,-3.6320049300674984,-1.5689062359969417,-2.911601513775761,0.8213076282911829,0.29003780305390187,-1.4889627503149034,0.3939905721750079,3.3730621496393187,2.864812238937099,0.3964380571609729,-3.9792727111533757,0.8944984740833153,0,Group1,TypeY
-2.9036626027682715,-0.473068703990416,-1.3683311576366943,-0.5180624570291291,-3.2098699260907724,1.6263840810471126,0.08271848286022765,-0.3399837223515192,-0.45040489207493173,1.9529445539995067,1.0876511552906136,3.675588700969316,0.4101277937276182,2.4838264069754836,3.180201126598727,1,Group3,TypeX
0.9250041408994558,-0.4529757326566458,1.8498444621000742,1.4334097139431132,1.7094876085327333,0.755679224987569,-0.4355997551239714,1.3250046549456387,0.3477373142346005,-0.9723350038161881,0.9567745044452945,0.27237106943954165,0.27009842687515184,-1.9556558361995346,-0.26599571908869557,1,Group2,TypeX
-3.494100605938601,2.419438798773698,-0.9131861209826008,2.253903659086321,-2.6780243878972394,1.7334193990943603,-3.1051142065817827,-1.196515048150933,-0.054256998357545716,-2.4301223757273562,0.11333882345610469,-3.19341027198473,-3.852013989396818,3.9072140493195686,-3.7303135983216533,1,Group1,TypeY
-4.1587144813386505,-1.314011980814351,-2.1516366661424415,-0.4227652883642816,-0.8282504748977002,-0.9206990443031153,2.549414897734657,-0.4871671830291446,0.7868202545625391,-2.2176090801520147,1.7005937272836316,5.078655972124908,-1.3102148573460686,1.7209496186578142,2.5833088829735353,0,Group2,TypeY
0.18946343102110996,-2.4096396972590486,-4.173158635377485,1.022983764504345,-3.38779805337618,-1.2886111104730658,-1.6146417942065086,-0.37077059666050965,1.548503053086976,-0.07234747515067134,2.403684447897443,2.866500479861066,-0.8958822864692529,9.152166365646577,-3.4195881226824545,1,Group1,TypeX
-5.744092352353895,-1.996083021829394,-2.562723291901974,2.0618088069058653,-2.2608899097213113,1.3448530820164009,1.6514319586884496,-1.431188333235752,1.7570950751866228,-1.9232162862097522,0.7341688892955867,2.605727252197678,-1.4231052696239601,5.904641435483413,-0.8560766084278062,0,Group3,TypeX
1.9671710715516326,-3.362768135659657,1.8748677462268875,1.8562864345785313,2.5181488254626307,1.5737725953129926,-0.7203095871286711,-0.13362772972677125,-1.1981105507497882,-0.7766940529721439,-0.29847655483827706,1.1720660005715642,0.7732735114675022,-5.181081526955115,1.2758432664984167,1,Group1,TypeX
-0.4150159017712728,2.6884404417219114,-0.8431657543321225,0.47058164016395465,-0.3036753058533226,-1.3853278588166804,0.07853914680995544,1.889282454250252,0.43179694070582975,0.011369908798494166,-0.19070281654808308,-0.8799840334836555,0.05645067164794226,3.8102933527337868,-2.4586459459380405,1,Group1,TypeX
-6.863218275156771,0.7544904071460423,-3.707119802854241,1.6185367211096289,0.5045666301305942,-1.5159064564889353,1.1203815129726056,0.0873574252602637,2.4765156743250243,-0.7308131256087531,0.4011548208063551,3.564700800866006,-0.4997400148236746,7.006386097362577,0.7911441995095314,0,Group1,TypeY
-2.926661252986525,-0.8066092858072682,-0.8584322957275736,1.9696016610784053,-0.5189653869642818,-1.0681766902725092,2.5733605907213155,-1.4873744464039769,-1.5120057981978308,0.087204992037267,0.3834989298491258,5.040232419792581,-2.246910279202817,-0.011113502036233104,0.5351600920149973,0,Group1,TypeX
-2.6304409496925247,1.402204891841349,0.11787497913925349,0.04015399334756309,-0.4363001766294038,0.41842596193653825,0.5619793153782984,-1.9473398726619233,0.33647826696802197,-0.08933586547104598,1.857597500910142,-2.8664615340487707,-5.4798803911382,-1.6255275097762238,-3.490698008551858,1,Group1,TypeY
-0.2431093909426749,1.3468378152194567,0.2851386860685312,-1.3022695927077352,1.3962435399729318,-2.0137076926556485,0.4166586753843389,0.3899455993834367,0.7376484771764141,0.07488758437155775,0.7370856784419337,0.9502343528245722,-0.4274061631202717,-1.4116973203520344,1.906010260920183,0,Group2,TypeY
-1.197556961918653,-2.914876816889158,0.6807955829147843,-2.3360072558501033,-1.459935920496547,3.7133597615582747,2.055054494250875,-1.1283415702657829,0.4583405794971793,1.2724833308487593,-2.7255732216312034,-7.32695030636359,-1.7524341938714718,-4.215443531994132,-1.429100981986351,0,Group1,TypeY
-5.0537339354578314,1.7151493686365713,-2.075143841153788,1.67776034202527,-1.5247283747218052,0.843166012096864,-3.089906692757156,-0.8331415233289663,2.0176358241078116,1.065963719731826,-0.8887759173928966,-4.554719800821259,-3.815541098967694,5.230636895554214,-3.2616811518543027,1,Group1,TypeX
-1.6105503374867205,-0.16688303017398964,1.2046097955159678,-1.7265136349058559,-2.7140665202344527,1.7508375565014966,1.4319056024439134,-0.22666220372399956,1.2619054442372672,0.6491477210704204,0.5029918430452258,-1.6880779592443547,-1.2768060878349714,-0.5829343460965274,0.7472253179884394,0,Group3,TypeX
-3.6565704693561,3.8307473913752763,2.1647808250312837,-1.6166459819349301,-0.6367790852988953,2.7675672478007165,0.5396552913059476,-0.7648492283081031,0.487816665057096,-1.7959827345840234,4.505407916799739,-0.014218168583195166,-2.4076171060113696,-3.260834380119139,1.827858980605352,0,Group1,TypeX
-6.675718375268855,-0.28252908935341603,-1.1715907620993353,0.6641879857435469,-2.4569922547760448,1.50087362871839,-2.7291394438867878,-0.17281335189340633,4.835240570397934,-1.1290644218323018,-0.7936450922118603,-2.3731279172512805,-1.8781782550784396,6.132472814593289,1.7745681720917184,0,Group3,TypeX
-2.492941882902063,-2.7534509013631556,-0.2082830658362803,3.148635683706842,-2.9823571939547193,2.503903263314834,0.7745510554798907,-0.42158231144029273,0.3517366264377294,1.045056145231206,-0.9217286083092961,0.40388106772046256,-1.0823878729258296,3.6001258324078274,-2.3331414436323437,0,Group2,TypeY
1.9032208278503326,0.7646164052582951,-2.505338412321146,-0.638683752624772,0.6963735742528117,-0.9313211829699476,0.2697382046479859,-1.9128513533478293,-1.3866748076829225,1.7772947680304536,-0.6307614348466752,1.3104956444355376,3.870751046221272,3.181033389021243,-0.5889323619503772,1,Group1,TypeX
2.798392623429463,-1.8319158325187306,2.3078801821447836,-0.03473879214961206,-1.3813674972776064,0.8467552696292694,0.5685179908945117,-0.3351431387781925,-2.5844222134811545,-0.1353342339231097,-3.2035096805811336,-3.913702990809024,-2.3803116813127536,-5.830499912154367,-1.6729456073146716,0,Group3,TypeX
-6.813486511479869,-1.4260442504968913,0.24185894711199318,1.153918339685559,-1.2241979776904763,2.0181414040355214,3.743311046685129,1.8115557731939131,3.4905749633579264,0.579076300875503,1.4467874782149344,2.874316351912849,-0.6314113181723793,2.9915087961020466,1.932115305425711,0,Group3,TypeY
3.061879584073852,1.3917865923203792,1.1970653567399023,-2.4079780015173666,-2.9570073875614957,2.3068714225320774,0.9408626608719708,0.574386351133876,-3.0093850459793137,-0.49736953314026283,3.171986560208055,1.0789871096917842,0.5584688060940606,-2.6679985986281385,-0.18450859906910666,0,Group2,TypeX
-6.40462037418784,3.8584332964119654,-0.9513727820638875,1.9663803020022623,-0.7417690669197665,4.232036713481408,-4.10758894275713,-0.34463483700815617,-0.5315358074109002,-0.6362568349860365,-2.0311128979212896,-4.245863837409146,-0.6152815619596201,2.5166591941780894,0.3278903508602786,1,Group1,TypeY
5.867944888895742,-0.002843122266342535,0.1474749615727079,-1.7031522505782282,-4.635951579130742,-1.4933624144816582,-1.4096948801283067,-0.5638483318598599,-1.743017954296267,-2.3254201541396804,3.1970268728101248,4.006836251781008,0.42145064403200827,2.0862775293772953,-0.06873909540318812,0,Group1,TypeY
-5.070121154664114,0.06466963383237412,-0.19640747243908274,2.5866987888559363,-0.47219454750745304,-0.5560832020340074,-1.9902910823080926,-1.03008605490443,1.4374029542004516,2.445769569113684,-2.2435436324209546,-0.2412909142428264,-3.2466018341631244,1.702393415287268,1.4933663628626628,0,Group3,TypeY
4.777448437112959,-0.6786022512034102,-0.977907083136593,1.1732950438702217,2.2020335750634787,-2.9921286261446385,1.631861793827587,0.44049449616333775,-2.148657101563365,-0.07502700039680087,0.29096184740905784,4.136882529131354,2.900475387105941,0.8557579300349689,-2.0496890656550706,1,Group1,TypeY
-4.485855897548878,-1.7872506242133892,-2.436179412007843,2.796003338019427,-1.0696998713142265,-0.04744232378093094,0.8782982400515055,-0.06330322278133675,0.979416417909049,-0.0785883929143568,-0.16284810271130312,4.215976739047258,-0.24924084544277592,5.56873940050672,0.321527939145835,0,Group3,TypeY
-4.250777594423925,0.2401115079996341,1.253134543477084,-0.09974595910927353,-1.0163620605108277,2.8038568368575554,2.5931638599596316,0.032264810771252796,2.3931542837322364,-0.8938332206390901,-2.1415793580948344,-4.822390335878947,-0.4137311213605912,0.6414621284424803,-0.9381823804033074,0,Group1,TypeY
6.952797592432014,-0.7367225424464061,3.024798655615015,-4.356421651652959,0.6248941489617548,-0.7339405076890959,0.747371995755922,0.7145497614635058,0.15588542358466984,0.3090544381042879,-0.027550356163975387,-3.7216925581746265,1.6362492274427076,-6.143669283793734,0.6051243761893337,0,Group3,TypeY
4.091848256377681,-2.364926165822929,-1.8955863515885518,-1.5504585498550285,-1.7446173069156572,-1.4227669488027286,2.232780998913957,-0.577004439727203,-0.48888988847340686,-1.3268775593670228,4.280825790732239,5.251648393683956,1.3204915851344685,2.6856577564989825,-1.638354217382779,1,Group1,TypeY
-7.601159647161249,1.9996960118055422,1.4778272459329513,0.6185276703070739,0.9358298504058642,1.0312416067753152,-0.8661664496926476,-0.3564271205250787,4.1016961451631175,-1.525185436662198,2.351683672616227,-0.16722349657264352,-3.9848042461724305,-0.5930690543513304,3.3016126695254795,0,Group2,TypeX
-3.594812430532351,-0.12319445561440578,-2.667892350769808,1.5041247390242607,-0.6171236272401357,1.5860483226132434,-0.9223061634125921,0.6819932992541455,-1.491515952888254,1.041732852654597,1.0758695437490775,-1.6797618069568796,-4.905167390412964,0.39311383628545965,-4.097981354580641,1,Group1,TypeX
1.9959550639058965,0.20946002464188984,1.3371521158035864,2.5775917374299246,0.9156936259105325,-2.246693540730446,1.238193905056483,0.8437900258815756,2.907744080242378,0.3160878221089338,0.22393456790210187,2.0613909851244605,3.076760145094178,5.607907881255583,-2.1254848313231403,1,Group1,TypeX
0.48073424326602904,-0.568385509482896,0.5202047367388267,-0.30494897907360685,-0.1385564307226429,0.6957874179565078,0.7522252275007308,-1.279647848349243,-1.0982087266611216,-1.124200096946978,-0.8446169128728611,-2.360923560965473,-1.6508264677771214,-2.884342316295423,-1.5567458695604166,0,Group2,TypeX
-3.9634174627147045,-2.163533782985275,-3.947477711945936,2.5321186924869803,0.7139852850463275,-1.4523931920376372,0.5755033335624684,-0.004201915391156093,-0.16856597022308373,1.705362356513084,0.9784983679918837,6.630650011484211,-0.5796435222319753,4.274113929763478,0.9864315612153645,0,Group1,TypeY
2.245916011260953,1.2227138266102882,1.7832053218122434,-0.8353111410987608,-1.7489660051621647,-0.815606766473784,-3.4671589372552956,-2.382762352073065,1.8460654666640377,-1.1013266287697099,-1.4205650712299742,-5.317575066706262,-1.5514747875668764,0.6835209875857703,-1.1371158749450232,0,Group2,TypeX
1.629018924425145,-1.5670918771840734,-1.1857126527430388,2.5200065252772257,-2.4759077162740084,-0.8239708102759533,-1.8009050386392143,0.4917396407562205,-0.6631155537965763,0.76339307958197,1.962042030168651,6.302875655248665,1.113201707184826,5.394345266380935,0.05764709218668984,1,Group1,TypeY
-1.0660418049849163,0.837434892709042,0.3769839723382443,-0.9434546918040079,-2.7992895388824053,1.8496851504681293,-0.632110095048956,0.4288111804330056,0.5910797283234344,-1.4560464933464334,2.5691661821795186,0.21241277627440192,-1.0252429105909968,1.2096704834834004,0.3127693285499452,0,Group3,TypeX
-6.099943775467058,2.4542766949633097,-1.8339726564844638,1.9180427984459227,-1.6759808697519496,1.3600327644407608,-2.2518316420890074,0.9661470124092959,1.0754210500281056,0.49127402072628285,-0.5946438044085842,-0.9841606220840629,-1.735191746535392,5.3643553972162135,-0.26400979778808364,1,Group3,TypeX
-4.177193630961158,-0.5778214581175566,-3.0853660885249123,-1.49390446705966,1.0971370195971306,-0.745203902346758,1.710603338072702,-0.6770111767903435,0.6157577099551614,-0.3743900332069141,0.6114008284800105,-0.2211929921902118,-2.896490297984914,-0.4308033531057773,-0.011488138080610999,0,Group1,TypeX
1.303195038717319,1.087944463811315,-1.3295819101520223,-1.0531316072098438,-1.9265779277284367,-0.3098315884098526,0.5714381152085362,-0.6594954368384278,-2.767348525598272,0.17048468069691408,3.239388856656186,5.004019788222329,0.3193207794185764,0.5739217429820868,0.6677871038721641,1,Group1,TypeY
6.062030721512936,2.5907091748751254,1.066939965495092,-2.3492168538759395,-3.132674477175551,-0.44864822741585253,-2.2387660982870257,-0.9262391125885509,-2.0564952474292815,-0.2617807223427068,4.543515489389584,1.6608212902830684,0.2088232650326025,-0.07340027725304922,-0.974170159305128,0,Group1,TypeX
6.3372352482749905,0.6879214491443479,1.836925063308379,-4.93526076579017,-0.27708206648252665,1.496075568400467,1.990143255314885,0.553627409358232,-2.6815766386358284,0.4203098174852043,4.926328611074416,1.9939060019068728,2.912019352413543,-6.225292937593572,1.597097282264952,0,Group3,TypeY
-1.2089034512306214,-0.0803000620367198,-0.07812535926426323,0.3174756872105854,-2.2089162424180486,4.836291460156837,-3.1937054933675166,-0.3834179419689318,-3.097950252681352,-0.32763343730996075,-0.45044946975192257,-2.083333380409185,-0.7947542279199569,-2.456782961287017,0.7367817979405584,1,Group1,TypeY
0.12094458180359989,3.3062417614171578,1.3473090965216854,2.186828021718809,-2.457633440108844,0.3616030123029176,-6.658491585685654,-0.9115933765861459,-0.7404745046494039,0.99006123071636,-2.546512326752883,-2.347008463892972,-0.5260775337186342,2.611141925039908,1.0515911402344638,1,Group3,TypeX
4.655776983074668,1.53792249121816,0.7547326551175222,-0.2561209971113583,0.00020253823604821086,-3.041544231976185,0.7630049842356394,0.26201657435847575,-0.8628617321074497,0.9334229544758642,-1.9172747287657912,-1.0495686376682616,1.6513107660477573,1.066453989509308,-2.4032760789637013,1,Group2,TypeX
3.0450567437969496,-5.052038888527945,0.9975537945170654,3.138603837416295,2.897940209821419,-0.7138565034028581,2.077703645223008,0.4261565596461849,-1.5346742796490904,-0.9803882514834749,1.726451276902845,7.559081911243329,1.5734734944799813,-3.2470981258608305,0.9552117279846295,1,Group3,TypeX
1.0054955714711875,0.39706037555368856,0.9446271502426389,-0.17601423522034465,2.8543249980419594,2.4850502975501216,-0.9073852504030069,-1.1151262626634877,-2.8101290937809056,0.07321945031246505,-0.5809257698885488,-0.34226852400972896,2.4844403110585276,-5.573096167840717,2.306269304396826,1,Group3,TypeY
5.50857554482531,0.8443340958091962,2.7316175641311298,-5.701772489456799,-1.6615710160415327,3.2406217826751664,1.2311800562440145,1.0084159699429913,-0.3010434486542046,0.09406984119152385,1.9839508850454688,-5.503396439018359,2.4681994976800308,-4.928728826270748,-0.5646547090982437,0,Group2,TypeX
-2.5361680210386344,-0.3433378822263019,-2.6189225383090005,1.1067470563704775,1.3487883600685389,-0.8567277886017302,0.6457588004708374,0.878654850180379,-0.6557471253087455,1.3486931986455122,-0.1664553958444258,1.8559628486886899,-0.7704520906272404,1.4120595220172272,-0.5716776671732399,0,Group3,TypeY
-0.5919068697932466,-3.0819378052343818,-1.0665128964898578,3.0232747691266826,1.9553303338429981,0.28220660270966613,0.9132875576248995,0.12437612230092951,-1.5806412853804164,1.598110895751759,2.2522768890379092,5.761479334387227,-0.6266363543828222,-1.0706416427609888,-0.3618694296061702,1,Group1,TypeY
-3.785170315530431,-2.3185957844634246,0.45187455755058803,0.7305767187950682,-2.217894056455843,2.8080288296465956,1.7856173264084338,0.03537141708863912,2.9259504411312514,-1.0867108113847272,-0.15860852240225953,-0.07766397606774679,0.5124133492685197,3.1126619036740135,0.789200519975537,0,Group1,TypeX
-2.865400063127061,0.8342954320086517,-1.0254926452749404,1.6305580889393436,-4.477377393302092,0.5685189391865246,-0.35324472108034144,1.0733665824449723,-1.4878050410897035,0.8695725186534211,4.113401059444821,6.962600961477425,-2.7189817897242925,3.656390958692979,0.8668931267570297,0,Group3,TypeX
2.5080235787180065,-3.9453602709987856,1.7376748782427187,0.5539867081774272,1.3481182018417848,-1.087479703570168,3.8593092033815353,-1.325281371952441,-0.8340655479244858,1.3461034238624805,0.2942950087591457,5.531087064384472,1.6487225914555133,-3.9658461746759306,2.4552960305526823,1,Group1,TypeY
9.122897198241898,0.23366606202402374,2.1697129505644948,-4.2452410477575615,2.131352639155667,-1.4835973535758002,1.0619799951954167,-0.5031635190463567,-3.2870517500644736,-1.0136058423544687,4.587454943793428,3.808743828048193,2.9410425127554705,-8.083544902628336,2.1376373143500853,0,Group3,TypeY
0.8140941533001439,0.519324416666407,-2.2244819291296714,-2.1554682289443883,-3.7106245941072973,1.9267110332977748,-2.4524310431877794,2.3683345424004374,-0.9615264488154043,0.8560480947755128,0.11259150584504263,-1.4011235697218636,1.620457117355052,3.638277513581719,0.15295829327634292,1,Group1,TypeY
1.9111512068341687,1.644430424711269,-1.5520715110825254,0.05453435955983876,-0.7206871878103123,0.6392525195197893,-0.9953175669490191,-0.6448958586443377,-3.276688842126833,-0.7294370488476493,1.7587743687426287,-0.002182094049494024,-0.7114698607606957,0.16949443019097332,-3.443087728703278,1,Group1,TypeX
-10.393342044123688,0.05332387096367852,-0.22091060711760935,3.123680854161261,-1.4896427815386246,4.510625536217587,2.2550515585645488,-1.2084822042690762,7.88991864033846,0.41208346487146014,-0.2954001085968615,-1.3261581344250484,2.8511785752825376,11.522223588594292,0.055902191933678846,0,Group3,TypeY
-1.303713754292917,2.431055743428468,-0.8433599902084677,0.7555874392692299,-0.9316090786432685,3.547352924955705,-3.046958091595842,0.018999082259871004,-3.97734736166728,-0.5212548068561296,0.06237168697417117,-1.9995121369598543,-1.1606949139249678,-1.7512208518163757,-1.0865614260503103,1,Group1,TypeX
-5.975209619370387,1.2867522234683877,-1.0476011560839664,-1.1256525902735297,-0.13386778717648784,2.2627542517719585,2.45526486869651,0.8878039355788485,3.1937120718000673,1.3984839930693214,-0.5733918416524822,-4.7695021573094945,-0.7766138509787605,2.5924684805209783,-1.4643906333242502,0,Group3,TypeY
-6.335352388742015,-1.740683187601175,-1.8303897146128394,1.0992280466636581,-2.093338022274808,1.0781062000498312,1.5553342285463594,-0.10017276878675659,3.652125500123743,0.2149259647767057,-0.5613353924548943,1.4350289919209693,-0.01787655729376514,6.465490733401144,1.329431279679024,0,Group1,TypeY
-2.9785545150806154,2.8806932824662805,0.4775939800167579,1.1875074882798204,0.4650184995757176,2.220882216444347,-0.45401910472166895,0.0778857269806748,-1.1766400293385606,1.544092663524045,-0.030481330342526647,-1.2006624464021862,-0.43191756255627434,-0.6847278623340632,-0.31758196409654893,1,Group1,TypeX
-8.60193433028411,-2.0256655196885935,-1.9365610343348023,-0.9910535307022763,-1.744075891073759,3.4430207240250494,4.791676271309089,0.3736534056211483,3.312081011384941,-0.26257565931562216,-0.41408170301958114,-1.1929366646540065,-0.9004890258895888,2.889171222891016,0.9441925564272711,0,Group2,TypeY
-2.624908881540201,0.8525386678144704,0.4388414760180712,-1.8065984133941226,-4.08751095526405,2.3248716386959565,1.8545473895058882,-0.07004644372796484,0.26396387142378785,0.7254188271577661,3.707180590764581,2.520234064093716,-1.3167209208688984,0.7492532408634637,1.6593856941732756,0,Group2,TypeX
-3.6741580244710312,0.9532123967678214,-0.861337855948533,1.8355682500129564,-1.8882681888464201,0.7969880833045154,-1.7788255828480857,1.3451171736117884,-0.5598107149661964,-0.6018971609326136,1.8289001401944454,0.21459664346349305,-5.26865821776974,0.9192006182464257,-1.9006981239797476,1,Group3,TypeX
-3.6539290932140833,2.701705077041449,-0.8951947931722792,0.3410536481995353,-0.6459754918757808,3.9433936127230025,-2.907133246614415,-0.32888949667080924,-4.138857028849047,0.7193276018294383,-1.7861829823618445,-1.2841459607958856,-0.05827976831982695,-2.63560692945244,2.6680868415110592,1,Group2,TypeY
-0.6468644815288365,-3.0112568731629987,0.15304999504833505,0.2815684676337491,-0.9095916611026553,3.5133530961992885,0.06906715422636245,-0.8324766217233888,0.6336735178325457,0.09535027433277855,-2.3063452667632807,-5.664614918041652,-0.6397466959299041,-0.8292290603610606,-2.6853389589042354,0,Group3,TypeX
-3.133680245515433,-0.27462469792637,-1.6035740868806174,1.7028540844758266,-2.494410527796556,-0.5816081804261848,-4.041426546558036,-0.3920477826671146,2.5152674316842676,0.028320263677764197,-0.0893805849962086,0.957410460431355,-1.6210100828357266,6.369513735174638,1.1362087373272178,0,Group2,TypeX
-1.64544745983823,-1.0010060768866642,-2.3664785033391897,-1.9141059897630326,0.4319757007626197,-0.5744209838221936,1.0827376030305222,1.6923130191048756,-0.19719846964644838,-0.2597211710765324,0.6073860287929596,0.11540852181135354,-1.726082716167884,-1.150986580651291,0.4187674346389729,0,Group1,TypeY
-2.416618523390664,1.4456801546858573,0.3245239422909325,2.5071646070002815,-1.6118489663008275,0.2495476711729795,-2.7111215429049498,0.4637230575571145,0.6116754754884175,-1.1675008238807143,0.3226433188010228,0.6078966007265295,-2.0414911268520273,3.0572892509119574,-0.2425054397786517,1,Group3,TypeX
-1.6253307901760619,-2.5973001881430338,0.9260545593630456,3.7527756493097675,-4.166201443464496,4.253109534352155,-0.8001929999125097,1.2813833981236349,1.3056857947283844,-1.8897034836215454,-5.643058874153653,-5.919591545439703,1.173063861528505,5.79613072741988,-3.9268145758522945,0,Group3,TypeX
-6.416184569306512,3.975116037029784,3.74430768914582,-0.9617633382093931,-0.2245792106342006,3.066501140402742,1.0363468040898587,1.1138623979822204,2.6345570580544586,-2.799964302593586,0.5137001587222447,-6.385417459302401,-4.862079469814443,-4.433246826850276,0.3992542910451914,0,Group1,TypeX
-2.5118639594395056,1.7842557166802653,-1.360004868698572,1.595510501200104,-1.8964170379046288,2.713712924123178,-5.011811719142017,-1.0429282618087377,-1.5951692483774056,0.36905204858996804,-1.796789159685075,-2.713059738178001,-0.7257717081689397,2.398093550997248,-0.12297066089344988,1,Group3,TypeY
-3.819823337461562,1.3320270142032353,0.6170096017044798,0.44087462873713235,-0.12781225359396486,0.7506094067808751,-3.1523261003101646,-0.7586652015427723,3.262446912833954,0.6223791184731187,0.3406459598042767,-2.534025026218939,-2.122755300901434,1.5745173297607102,1.4284814491392606,0,Group3,TypeX
-0.16997452599952942,0.6297423854223454,0.8713717627555809,-1.5454910596107827,-8.705917025451004,0.5996877924399071,0.7455206442336608,0.596081494132487,1.367835028743098,-0.9501045691456493,1.495820304683696,-0.7851658735226109,-3.2140969791146627,5.382354221946115,-2.0119500870774796,0,Group2,TypeY
-6.559934436136064,1.8323848682835644,-0.5265404698285647,2.9836755692980326,3.084335292937549,4.651767007601591,-2.6163379365081187,0.26086617472197593,-3.1310653126142003,0.7998872897059834,-1.0892294823031974,-5.557695673968285,-5.7125677247622395,-6.351911058900125,-2.5372445212259755,1,Group3,TypeY
-0.8081851979541468,1.691645063792531,0.9213182767782686,3.7768754083106373,2.069865125584519,0.7666220319672521,-4.323554433094815,0.7076782440272429,-2.108676219814308,0.5065343913859176,-2.1037525909942523,-0.5860591479965451,-0.42676807919851634,-1.5200023288576192,0.41914009383819084,1,Group1,TypeX
-1.4332748611458064,-0.2072077876632894,-0.3482614297967008,-0.9667598989302958,-0.7354253114815144,2.8150164835389004,-1.740106315307179,0.509887247921195,1.3689240820090354,0.7177387066589793,0.2878017465308351,-2.873112751996625,0.7355591172046352,0.9850028848872608,0.5328280810841157,0,Group2,TypeX
-2.730728596538772,-3.6132655905815216,0.08858756163811043,1.5348933639803288,1.4575646994577702,3.14135785821676,-0.14034142739522482,2.7148169394863215,-1.423279464120999,1.5018791337963189,1.7278902219525711,2.4380463851121297,-2.421474100938224,-5.463897242784992,1.921642595744912,1,Group2,TypeX
0.409344257137052,-2.090716271298878,-0.2801858625004774,1.9297470784295698,2.8943276863891194,3.0549747818063633,-1.3457897543398567,0.21930891313205408,-1.11607752755773,0.0352953907452159,3.5918443587681814,4.053926925863398,2.31935128046864,-1.7785842528673168,0.9976308306576822,1,Group1,TypeY
-2.491158152947319,3.100680873017101,0.31905821766968523,0.16302774896808814,-0.7624986645995435,0.8039014269563285,0.9966650506405367,1.4043162819949524,0.8085862680055653,0.24523584789423636,-3.309551110985607,-5.615920235485684,0.08629907989789198,2.419925405217786,-2.5860741711846154,0,Group1,TypeX
-4.076438077781723,2.531763481479496,-0.7820586359343605,1.2184669944619193,-2.110156539853068,2.075658008332125,-2.127964976769075,0.193798713767092,0.7004612967166481,1.027070300644139,-0.7175485532240968,-1.3065688901680221,0.18078263558291718,4.7374881254235435,0.21382092303620093,1,Group2,TypeX
-3.9583702777276053,-2.5661328461878723,-5.00839786633144,2.484393774551988,3.9967471193368977,2.309162335232458,-0.6258861854887126,-3.3755791001776,-2.8352445617701636,-0.4496501938428139,2.3934591713942583,6.719911972099251,1.8728644218282764,0.3190347165964908,1.7749451706487092,1,Group3,TypeX
-0.7933369569915356,-2.9900680083786075,-2.0306104646646235,-1.7608760206750227,-2.2865098896302722,3.4204785098799153,4.133446526266689,-0.9218236563202137,-4.395857498473165,0.0999881637655518,-1.9996423413185798,-2.2696786790629124,-1.489189138831886,-4.2489493516101735,-2.305602485820862,0,Group2,TypeX
2.1839686015109345,-2.163953749173513,-1.364616234737301,1.977703166471319,1.0695166959618465,-1.3579860602962177,0.5479227513844815,0.16392406359342962,-1.254237411194289,-0.7426591657723782,2.569883370261266,4.467210853954325,-0.48099465325891066,0.8373237424480745,-2.5501457961661114,1,Group1,TypeX
-4.323704099933775,-1.9015189969014785,-2.997910763666,-1.2707990484656926,-1.5627474750210886,2.346628957917188,3.5930072415142567,0.33607541250534645,-1.3452470534902456,0.5001128296208667,-0.4942055181990701,-2.1389588848650227,-3.232091435051122,-1.0111303670383132,-2.4799068666622324,0,Group2,TypeY
-9.045427706890964,0.9517968104414841,-4.790287919770739,0.7429030740538308,-0.3648662814822142,3.4334435291591414,0.3348696441598946,-0.4561683474800591,-1.6621118827462122,0.502574774371437,0.14808648737527752,0.9306392546318485,-1.845871999156671,2.269040573760241,0.7735351983675067,1,Group1,TypeY
6.245259730838066,-1.9474352928564065,3.727543250029229,1.1277539265962118,1.3491221980025412,1.3968746682300366,-1.8761494044822928,0.6879020828923982,-1.031852814885575,-0.3471614824184498,3.6193728047609466,1.2773245535202957,0.34651518258297953,-5.259558833665706,-1.0427239461867306,1,Group2,TypeX
0.28516504275498294,-0.28302243640783065,-0.4404085176370841,1.5540419683931006,-1.1060821100953722,1.5066773324887164,-2.860269044122058,0.2733112495851642,-0.9835610620349504,-1.2043298271789604,-0.6715912808870139,-0.4093753368331705,0.45836351455800073,1.686349309529087,-0.4961868153809974,1,Group3,TypeX
-5.864357333827417,-2.82991805016648,-4.936857514101206,0.24526903412668133,-2.7586916816619076,4.169653582340553,0.9696159522018838,0.6847148540498922,1.3264208663906103,-1.0769545408779464,-2.43498950400304,-5.333665575357015,-0.8164500720691991,6.519950004489966,-4.43917690332284,0,Group2,TypeX
6.888085302431716,0.9254459712503192,1.8216021653646832,-3.330994022026898,-2.675633691824239,-2.0530825471053924,-0.1121228171307016,3.287761187388739,-1.3089817178502745,-0.14114967234280568,4.680078714462323,3.7154678819958207,0.26550882905141626,-1.9366128109698544,0.9255937136408134,0,Group2,TypeX
-0.6033072816315636,-1.0048313377483444,-1.4424452836645778,0.14836892557420545,-0.4134751439216844,-0.9967473900143566,1.6320463713249562,-0.664700905151014,0.55845496241885,-0.12107543239055386,2.012670990048737,3.1010332170485597,-0.4855564023124972,2.279786782667149,-0.7820505692242816,1,Group1,TypeY
3.8403012299320074,0.6027293227075279,-1.0896344032046068,1.601662265920217,1.124695644138465,-4.301470133835107,1.354539924763296,-1.5763089967712456,-0.09742511789308028,0.3947573891079933,-2.2876235936596223,1.4842354305679184,3.2604484642806013,5.2059497484740485,-3.2033617311052365,1,Group1,TypeX
1.3553251265685267,-1.2109571177973408,-1.9510910159415649,0.6803708169078968,-3.2496709827828067,1.1769033728383373,-1.5348255617825504,-1.5207215296341199,0.03843984130703104,0.38416017796747753,2.118636291312507,0.4422682224423513,-0.14171158783216498,5.456443759441873,-3.649150500915431,1,Group1,TypeY
-4.126961353139434,1.575538975026917,2.5583697257043854,-0.5760073723988767,0.6540052698290657,3.892813868030075,0.8214012409917573,0.8439514005189311,0.260941777546702,-0.28368622092717277,-2.8216355032168368,-7.158043057560943,-1.9034948983631654,-5.408382041782966,0.3271973948203034,0,Group2,TypeY
-1.7447959349475846,3.4894423128902137,2.760728200402589,-1.9206863573597965,2.9142263072599532,2.6629692718890587,-0.05578443681540768,-1.8360052833568312,0.10738151692014464,-0.4411766907937603,1.9900503250084944,-3.8649867124019996,-1.1179462251314898,-6.997118438158617,1.3449362814343409,0,Group3,TypeX
1.7378292595975575,-0.4117636479474611,-0.9827048230159812,0.35623711926976487,-1.3465348447475343,-2.9728789132860918,-6.781900383011006,1.2869472861164193,4.770228017343195,-0.12454847968642378,0.06120650358048718,-1.9744332468522476,-0.652262813916731,7.233075362201283,-0.12546539869798456,0,Group1,TypeY
-3.2041094114162862,0.5707724887451362,-2.6362441123215015,2.989491240241753,-1.3689303187263069,1.3910289129352387,-6.011776311296461,-0.019530389467102203,1.2390154899003847,-0.7136288932044673,1.9763863435291353,1.3328112649767403,-1.0042641101517729,7.0237278317585154,-0.5359576205170533,0,Group1,TypeY
-5.459780516573173,1.9269824302795104,-0.5565875881480309,0.48304040066296383,-3.421269715403132,2.5705014469621466,-0.8847271602872083,0.6259320959729026,0.3235424744577946,1.3698682233619108,2.533197049089385,2.21111826621588,-2.069801366331288,2.880618595623754,1.8284931687193708,0,Group2,TypeY
0.682106590722975,-0.5181455468439105,-0.5429153778809629,1.5793043753514546,2.8048406832829222,-1.0033820302573786,2.706552625465169,-0.09800096678333993,-0.2648718155619073,0.809861984870875,2.6142227799463136,4.269213839008728,1.3226372298909088,0.4927248525137058,-1.735406614021639,1,Group1,TypeY
8.524196302821592,0.2530892104443705,3.8331744775539836,2.2194399831501714,2.347721826032029,-2.4916365647530654,0.15867645067442204,-0.18657325305536468,-0.8066210973264726,2.171192861062495,-1.4547324361285123,0.3675650466180079,4.453443914063103,-0.7896092071211659,-2.6497816297157595,1,Group3,TypeX
1.947011781340814,0.23631466468414453,-1.983196699128928,0.34847168706358955,-0.4634298375912176,-1.3915003941216824,0.6473167852214798,1.0608000718059476,-1.969155199964495,0.8995613767383077,0.8972102676026218,2.7674049111370738,0.8734988638486639,2.4069462412403824,-2.0211027561754245,1,Group3,TypeX
2.1368911576846434,-0.8340953351410714,-0.30328710684805393,-1.2600023873098811,0.671243137147856,1.2663884472817535,-0.8969684407084033,-0.7131923043661328,-1.7662992749803288,0.2263042077451344,-3.087178158516827,-7.707609738964052,-1.7721438522753932,-4.216144685196289,-3.811640200638519,0,Group1,TypeY
-4.437975145214389,-0.7972972899924626,-0.7532883291962977,-2.6348921235675364,-2.9349030201669106,3.0455913215120716,3.6729539196446006,1.5564160355717669,0.773738861057665,0.9328953551938086,-0.6657467692273554,-6.010973372257575,-4.2602262862698295,-1.6286288543085188,-2.75121010211414,0,Group1,TypeX
-4.8950127581377725,-1.3993233461149308,0.1286685681126536,3.8051237507284945,-3.1606711777661265,2.889866295704656,-0.33275354386781264,0.14340596107130443,4.092738497562624,0.5753567245201257,-3.80788411453129,-2.4963648246836496,2.064304353499627,9.26544902833323,-1.2377214182213068,0,Group2,TypeX
1.4913958856773386,-0.23172251512001463,-0.39275423678142096,0.7276064905430988,-2.3611087583976706,-1.1638110075576362,-2.7800869081772746,-0.3146014474420489,0.04569840465134378,1.5301856237965608,1.0072160692697176,1.7708909574815832,-1.090597050238684,2.890124671758325,-0.1717132786797031,0,Group3,TypeX
-1.4975050466595918,-2.44977117820254,-1.4969650585617906,2.2980523984924126,-2.3029801298773,2.073467944652166,-0.42841760028934184,1.1983685693734596,-0.12600148958468793,0.014336422175760023,-1.5278351641969925,-1.4666966095987122,-0.8945748452852127,3.679109015688963,-3.250083838491625,0,Group3,TypeX
-2.1089706279499154,-1.2399682766155473,0.8236008057750932,0.2435928360653019,-1.808758847732868,2.436147355267935,1.528052883763559,-0.43479469337221693,1.2108758837193487,0.8155942445961629,-0.7223436152596698,-2.5077867138244208,-0.9548978661702918,0.39656289278488105,-1.1953555648843404,0,Group1,TypeX
-11.366401036287954,-0.1079393100044348,-6.032419109506453,3.9814948762628553,0.5615560333209426,1.8223324835198222,-1.188639664250904,0.5772623672009194,4.790246582637379,-1.4509129285940126,-0.9003805777737848,-0.5917780320083335,-0.3139533629499984,12.574651369889205,-2.0877377115537916,1,Group2,TypeY
9.210416611455706,1.7785390931573257,2.855721239212295,-4.131362609679788,-1.2029280732496872,0.15458404726763786,-3.85869158697976,1.9519290895174237,0.29002154822086523,0.0779372965582097,-1.201193443060414,-9.597126792304143,1.7991982184567488,-2.4389245238320902,-3.208365103735672,0,Group3,TypeX
-7.754619955363411,4.076410964182538,-0.6719509776991992,-1.9244702448662738,-2.854240328153499,4.8900806512659845,-0.07235710888188762,0.5516802322559695,-2.28502155404478,1.8968887478720813,0.3783311994750236,-2.426307673078428,-3.2159141363198236,-2.7336467926896115,2.7288709664194806,1,Group3,TypeX
3.481471990230417,1.7566166671631847,0.6626120433346272,-1.3221675002191573,0.3372523109148602,1.2426863017241472,-3.1825860909030372,-0.3759282454713564,-0.6745834149356511,0.26118454127962865,2.8658257096284916,-1.6279911172787964,0.8227048757826227,-1.248410070259968,-0.9359642686790381,0,Group2,TypeX
-2.8602874323186676,-2.135124970118569,1.419978399336006,4.923673361005639,-3.4674990287058662,3.9511845854682512,-0.9263819256700818,-0.08251351891139448,2.8779998326366503,-1.7052076077760168,-2.7804644982588,-3.3453022301954607,0.4716350442876083,7.088583252387345,-3.7960300953288777,0,Group2,TypeX
5.881693569598186,-1.8941109601265271,2.182859069414169,0.8882060122630325,1.5264715437210503,-1.9200068732327513,2.8043200098984697,-0.7853179202632383,-1.1944934608722084,1.9489631114476191,1.3194859691735639,4.6782406713694655,2.86319467145414,-2.1059856255829645,-0.5310584777684318,1,Group3,TypeY
0.9015321936159719,-2.6495016608250967,-0.31780483756450206,1.7584906970837715,-1.7538626672959596,0.6515009404940755,1.2901883807077041,0.1654915641331403,-3.3976716116629904,0.9661396608610485,-1.8925862930659605,2.178119826151732,-0.6005146194970188,-1.3798367920813934,-0.7395359750436721,0,Group3,TypeY
-0.9703721680917327,5.809771399621691,3.7221133518709397,1.499620384383146,-1.1072993527329478,1.948991777548058,-3.5320682231383347,-0.16090493827659874,-2.190057257350609,-1.188384670740071,-1.6667877424928506,-5.314550478336106,-2.9904497671470063,-3.463821514755145,-1.0068574832697397,1,Group2,TypeY
4.65292258606431,-1.1796164819709944,-1.1898897574736391,0.8316074097009957,-1.916537599156114,0.37288912770006355,-2.7009393699371063,-0.0072556984656611655,-1.1486050070405307,-0.31170759246721447,1.083929970179284,3.3923361957024696,4.479154417651686,5.059295360656506,-0.3200377647234385,1,Group3,TypeY
7.462109468897598,-4.22269970533255,5.271318369023448,2.094813248546939,0.058546036013891856,-2.0051544067379075,3.771258560957405,0.21446326746755132,-0.4873319679804684,-0.0963846363148971,1.5955193851623044,5.106051955178335,0.5543435646286867,-4.491190380230891,-1.1208444969314668,1,Group1,TypeX
-4.952615265885587,1.9019258280638964,3.378421935657239,-1.7055313565166852,-1.0032229183206878,2.042580906618225,1.5155990640140775,-0.3075773895637438,3.288662937490122,-0.9677523395470999,-1.3424273538614777,-6.503031110636955,-3.653401229210024,-3.4765855304653384,1.175006569913333,0,Group1,TypeY
-4.757854741902455,-0.2089758604757228,-3.7308740783698853,-0.41033611587993457,2.0123426929839825,-0.3364356882040629,2.931542820685867,1.6165216545137489,-1.043429576834253,-0.6593241347771676,1.9897709249972988,2.1522355531990662,-2.9569098451811837,-0.9366081275302596,-1.0096076262086155,0,Group2,TypeX
10.047727735991863,-2.2046436421725595,4.71795394070211,1.8227933415656645,2.704907332865021,-3.610721290012856,1.210658347147443,0.14268841220163028,-0.3762561693823028,1.6037018554669304,0.043321041183569275,2.8523149917782935,3.3618347429296556,-3.3703669144438546,-1.5304909741729045,1,Group2,TypeX
3.33359862406297,3.8648020205799805,1.4626639730965416,0.2660053284284798,-1.7913045979439817,-2.680476753781777,-0.4377917782149481,0.5546387081318072,1.7966237167197123,-1.6239178425699672,0.004586148185187433,-2.8963896494361343,0.3001979484201721,5.351313895222602,-4.722357853642022,1,Group2,TypeX
-3.0892443929442055,-5.254829744431354,0.662034252864258,1.9456776954849322,-4.179003044904528,5.86045645507748,0.5394971220440085,0.29008789963543236,3.5292640764654304,0.043900533123388444,-0.7532940523027363,-2.75862427912333,0.6141669891703925,4.675937280329254,-1.6589683295748012,0,Group1,TypeX
-8.131763896319292,0.4566410608039607,-0.9596104400260974,1.2725180614804414,-0.4883235524403514,3.5614179035806393,-2.741263915835276,0.04052294231700992,3.1652238498469507,0.7611740390516385,-2.686641794893164,-4.626923275715209,-1.201040404985928,3.1016981826175902,1.9518505660361398,0,Group3,TypeX
0.16142860335377826,-0.8073251057170183,0.0022475393459888693,2.8243239217649148,0.703376260008427,0.10731887476484758,-0.4580081587691349,-0.421130234801084,-1.278507133011384,0.4479307327729469,-0.7578023446051432,0.4892303815993201,-0.9093822424969182,-0.01647905945274833,-2.2126403790432256,0,Group1,TypeY
-0.3102109459370785,-0.29700168277130445,1.850957987829982,-2.23697866810041,-1.7642255355871739,3.1639079932549676,3.404209588967059,0.026185149185798437,-1.5572186001332158,0.07128726054946169,-0.33795575884124907,-6.114644513327288,-3.8753752872159737,-6.435589470551598,-3.3994420861647057,0,Group3,TypeY
-7.286668692711852,0.3637232380380895,0.864360686163876,-0.5676662995085748,-0.985189709457642,1.0481373132423888,2.484793876772215,0.6037330161902218,2.901098490642305,0.6280786969002486,1.64429353792791,1.7655394105858004,-3.1666621414327216,-0.7169975775843663,3.9126129958779767,0,Group1,TypeY
-1.2724925117602914,0.9459634572469942,3.567590017442927,2.2124456530892957,-1.240045679654793,1.0697308104708072,-0.3092795709158276,-1.622974962003564,3.048055935785269,-1.213463360152923,-3.070916568713613,-3.6157699414073936,0.9023905679731687,2.5075192288180155,-0.3134051616959055,0,Group3,TypeY
7.328351030381462,-1.9741360764363238,2.612051542395556,-1.702190580679384,1.068895296605879,-3.7385689310222614,2.94899142798515,-1.165441526221057,-1.58118588478315,1.4706619906522893,1.1638683180247018,3.5502265025035205,0.4975134477127653,-5.825428138671841,0.6353041673066957,1,Group1,TypeX
-4.85819783389811,-1.0711812895497748,-5.713279731355637,-0.021790962721839335,-1.0223165818607007,0.5260764504483003,0.4513881280618228,1.2998712435306046,-0.1760697309654209,-0.7140417437774549,-1.1069242175827743,-2.1224609700712165,-2.52748060872649,4.808918146333753,-3.582070859027329,0,Group2,TypeY
-4.930164971736575,1.8118841339318852,1.6308106891451488,3.092114727646569,2.517539670096762,0.8867822313248022,3.81050990881631,0.5465897256886387,-2.297861646518536,1.1575196058099577,2.939168376775404,3.5066129465525164,-4.998117712794457,-5.713633643051863,-1.3158503340928522,1,Group1,TypeX
5.317977013539475,1.5344724487691384,4.481747854506381,-4.4200146386498,1.8703031868252409,0.4488384407937226,0.7491036422746709,-0.31444379029762937,0.17979248312454943,1.3255002197212566,0.8869127788419366,-5.372965150855524,0.4887033049924545,-8.846546426324462,0.6901244901583914,1,Group3,TypeY
3.668760786131217,0.6050628169513959,0.26015146882419526,0.3647915224240734,-0.8701411131695151,-2.508657043679044,1.2228362280004395,-0.24707943680771946,-0.08664950338955868,-1.129667459310537,-1.2744166545243494,-0.23476544137871552,1.4784770033276748,3.0616176310387804,-3.0193190187390075,1,Group1,TypeX
4.137262610487766,-3.4428608498117033,2.327823461346481,2.9774371373492006,1.5552264641542255,-4.193186426829669,4.894059684685865,-0.21583075543615446,1.0209854609364175,1.1378577759693718,-1.4025019002484589,5.2192194811487305,2.3112119669949496,0.9205311973357752,-1.2278015690889454,1,Group1,TypeX
-1.0539128071468518,2.5620303040872736,2.2341779354553246,-1.4347184979804108,-0.2359088899906212,1.330176764500694,-1.1712013843566371,0.12060854761357863,1.4872287059028109,0.6623068966479679,1.040032637313668,-4.087639567342799,-1.9129648315148686,-2.3560484775710577,0.1992339837021989,0,Group1,TypeY
-1.0963023895834492,0.8370225150181173,1.278592948355036,-0.223186458417014,-3.290984700944824,0.0033986444549788386,-1.774344360138192,-0.0004787180685054915,2.4699764548523033,0.034143893340212214,-0.08197583674926912,-3.026121979353354,-2.915041715835335,2.3508932275506456,-0.7566245853785434,0,Group2,TypeX
4.752467036944653,0.5012116923356971,2.8845369006276513,-1.4127119475500196,2.6226356265068436,-2.5227257980240263,-1.594967746708487,-0.1305754572951713,0.33127012687316204,0.4613307130354217,0.3109415582255829,-1.5901560473394611,-0.6457849225727486,-5.663629140002332,1.0496821208050404,0,Group1,TypeX
5.1544137640534595,-0.7646533798618815,2.5414940997288626,-0.33110732448358937,0.9063391957692869,-1.315997821953173,0.8854291046152144,-0.552924016236234,-1.4702881211944914,-1.0581464312944115,0.42090470887905773,0.4553497392290017,0.05210874500356544,-4.636323198813924,-0.7567656141550028,1,Group2,TypeY
-1.854637454104941,2.1629180249767077,1.5737321017047161,-2.326363770115267,-1.1472925142894568,4.705203883633529,-0.3481810990964701,0.6463201631358254,0.1093063647864152,1.4744973675705146,-0.134240673326689,-5.976665644960995,0.23436712956862782,-2.7541660146055094,0.297225956735645,0,Group2,TypeX
-6.284045428302093,-1.2720525345804659,-3.0592056306598345,0.764612154122092,-1.1713440352441034,0.8853567988860218,2.033670653410051,1.0692837063951832,2.2653982435836517,-0.20820525798996595,-0.45940852867448834,1.9900043309664397,0.39050183616007983,5.9174003911774165,0.9720947956965642,0,Group1,TypeY
-1.8417678205662174,1.5511790218481976,1.0622060097927284,-1.8232584021658997,-0.2687649135209188,4.246243977435105,2.0113220088564505,0.5855215328568677,-2.5667150793876865,-1.6713322676347722,2.5105143683979345,0.8250971602792774,0.556271504626529,-5.105956456622016,2.181632194538694,0,Group1,TypeY
-0.9002399203078811,-0.8149512754918411,-1.729199421638885,0.5570394617692995,-0.8566333405114985,0.8214411045530738,0.4193245134694923,1.2207151954954414,-1.4870814475500227,-0.4333505550845262,3.491246721432125,1.5721464669986642,-3.6555259188662816,-0.3547835880705315,-3.1783362206203885,1,Group1,TypeY
-0.3254693440420178,0.8872009557098596,0.6610060646475473,-0.21306875662950808,2.321772552719215,1.6973450069705909,-3.767332500224899,2.4398744669855015,1.0487207102348388,0.30124248009139015,-1.553711417326817,-5.1881632817985,0.6619117758395114,-1.8410651558645879,0.7065650196131779,0,Group3,TypeX
1.570872136817121,3.257845177694335,1.8809996578229398,-2.575563302151428,0.054345020382862375,3.2437884112672446,-2.00104840320199,-0.4644017814099108,-0.16429229534377865,1.4238989372468513,2.0508021120723696,-5.590351528318516,0.2800304062729715,-3.174087544163571,-1.1498364068843059,0,Group1,TypeX
-0.2945856342258214,-2.0859399504703844,-0.050616603524772485,0.6937872288827027,-0.578938499037573,2.2564716535084646,1.169535360444501,-0.21941232097207036,-1.4777926223737476,0.23492812508811559,-2.70767262242929,-2.860457344689688,-0.22445480055505562,-1.7147487367379632,-1.821561512163722,0,Group2,TypeX
6.146361120331725,-0.9779367415848361,-0.5167889208470768,-3.403876049111065,-0.07455053787253751,1.4502753009448117,-2.2420329429310906,0.06820678260283634,-0.7375309102759426,0.8179920992573367,2.9093441110889344,0.16526829510563096,4.4977148510283484,-0.6492208577378701,0.9621491135730988,0,Group1,TypeY
1.4077065027611526,-2.0082283312345544,1.0876783122840896,1.5819266565687768,0.5376978003204167,0.034450361041421296,0.9535138532710906,-0.8781217036054526,0.44003390056257374,-0.9849461251170324,3.0601965660529094,3.850901765657858,-0.1324934796376389,-0.39052542782537825,-0.6544958362345925,1,Group3,TypeX
0.35966050892011026,-1.081165852551575,-0.4745144717595027,0.2821700569142602,2.587660218086162,-2.103972292993813,-2.692106658253941,1.1711190647375707,1.5056374765491594,0.10752500043079882,1.2810557782226906,3.116438470180714,0.3663820295289293,-0.3069219546731047,3.4064320009603977,0,Group1,TypeY
-1.3787369683710662,1.4640024920627066,-0.23768343985866847,1.007006261428348,-1.4920754258508955,1.225846787843707,-4.113945928491665,-0.5773420157083338,0.7487791917807893,-1.509993170579207,-0.25600569753212343,-2.5772696343723007,-1.2082520312123566,2.733616660877048,-0.6363627981384661,0,Group3,TypeY
-8.75135300075976,4.425062996015102,-1.0020344061426045,0.9488479978908614,-0.208357767272213,5.511412906848174,-1.1120314726209082,0.16969315797128373,-2.7434647441400637,0.4819678270528922,-0.9343089926189105,-7.50520378504731,-6.406332424650674,-3.8428885925256755,-3.1876860382361403,1,Group3,TypeX
2.458288889337606,-0.17669786400622445,2.235716454841951,-3.7559190322150315,-3.372753666415649,-1.263226493239745,2.423841898689272,-0.30445802114822945,0.975548436270836,1.3071354231507137,1.7401285268828643,1.194844933112991,-0.6952761999474372,-1.92928837081714,2.3840308260110645,0,Group1,TypeY
-0.5484023580343708,0.5649239679611608,-0.8523581574280825,-0.15129883507324915,-4.335779567039895,-0.3790880725273371,-3.5994001257047774,-0.18770160587403686,2.6265807737303497,-1.03873443416267,1.9021714885586303,0.19592465017548055,-1.4457806331094682,6.65928378891892,-0.2215072182986484,0,Group2,TypeX
4.3559661034968284,-3.880898099636239,-3.2486999941370236,3.001525703878978,-2.635867127423955,-4.550261634514014,-1.0656373335448694,-0.6047188666354781,3.849184950227028,0.6295583660658357,4.087228661733616,10.965509237132075,5.13659075271303,15.092985221676786,-1.0938339730194813,1,Group3,TypeX
6.486106437936423,-3.961353235119767,0.8721896600562735,2.4579563617704343,1.2075337545338378,-1.7356890029380376,1.4568582728525747,-0.8396083720406722,-1.2579801448885133,-0.6760707152936095,2.8049638415157947,7.104399780417961,2.7721139685502956,0.15242186886906273,-1.5496374009236127,1,Group1,TypeX
-5.097632668319982,2.5309096242700733,0.537564272410946,0.15291900419128246,1.1950810791652553,3.284165007316658,-1.864244881775489,0.9937402628679574,1.389360615373741,-0.25308684101411083,3.1048552986201132,-0.8353248072827546,-1.4772547393202715,-1.14313651949752,1.7880724237785977,0,Group1,TypeX
-1.854608281609129,1.071727385125798,-2.475783757900607,-3.431970979388706,-2.0708781544898582,4.200998225175017,1.4890509362205058,0.01590865839963108,-3.5089042932191536,0.1804960560780812,2.066311279761887,-1.9222734604900955,-1.0410391335130165,-2.7298950372110204,-1.0221795101213678,1,Group2,TypeX
-0.09298205562846468,-1.5701725283877768,-1.8158405098301387,1.018023922314573,1.3215562213281284,0.6091772854293946,-0.623323353509627,0.894458843105129,-0.9601180031638736,0.3343747468732986,6.128232513917624,5.952824944030969,-1.3716758001530391,-0.3976180158095405,-0.5155918740841567,1,Group3,TypeY
-5.4448998622135285,-0.804949769935362,-1.2172403064714417,1.0501893895986523,-0.7086553902594233,3.8958422943436886,2.5698825393657416,1.2149441068549691,1.2615640613748398,0.10577038352412323,-1.6621542359894361,-4.511983211993662,-0.8782569237329778,2.2478281064684182,-3.4002389764928935,0,Group3,TypeY
-1.163008797368131,1.6902897864269808,-0.9351239281641871,2.114504322770607,-4.1289648549734395,1.1147643421224342,-6.714166639727703,1.6764234178440736,-0.532090347549033,0.7260359992293337,-0.7069450896773124,-1.5737293904882472,-2.2771344311977457,5.034029080931056,-0.6940592781480559,1,Group1,TypeY
-0.9350517860902675,-0.13163264989731815,-3.7391627077997156,-1.5338081374266825,-3.3419176760036517,4.517598839296971,-3.3899505427313557,-0.21556794341894983,-3.2578820787868437,0.26816694982197375,0.1399985319606255,-0.814616610599531,1.8004979392852487,2.3023759371266093,0.781409571809716,1,Group1,TypeX
1.719641420039596,-0.13179967535946058,0.5733826061990991,2.122567650677958,0.7247911101135189,-0.5401932360062376,-0.9468566414457442,-0.5719285461984328,0.7828534911529823,0.8153241668090142,0.8291939059446416,1.6674960528835427,1.6739078786984538,2.7226490072791596,-1.2753806855761958,1,Group2,TypeX
-1.0446851267040937,0.5395147504086997,0.9903796665338254,0.1712097217797468,0.694328821009289,0.6780205492588622,-0.299797861526091,-1.369463774656058,1.779120099925319,1.764825883791736,-0.6276410855747399,-3.921368491750766,-1.1447710344415802,-0.33255016505779417,-1.578245164232667,0,Group2,TypeX
-2.9273116248594544,-0.4539861080680596,0.38654618351822845,0.20941998263796502,-0.48770217682843575,-1.6902795397472588,-3.439397649659029,2.1773203810422213,5.372642901695824,-1.8249777469611168,-1.6856075743019008,-3.1374823966835366,-2.149173972984322,3.5307761332965524,1.9472028820160419,0,Group3,TypeY
0.5930609806964113,-2.5818288396403863,2.0343611159236157,1.8321671216885211,0.8794968463283612,2.1447424775750292,-0.0028583886730273456,-0.6032968487781549,0.32266107992111226,0.573558836877425,1.8712876783478396,1.770509972413523,0.05323980336315659,-2.5116790173809256,0.3274571343665431,1,Group3,TypeX
4.603887762907968,-3.184967960525827,0.9581440576489946,3.5192108565184728,-2.833957891755195,-4.914927821708318,-0.9095239339120021,-0.8839229498283454,3.119511142441821,0.1430849370279944,3.551029392396326,6.088809236750853,-2.387599942444341,6.9129023313995095,-3.635049736228534,1,Group1,TypeY
-7.266402466734892,-0.42269365499035016,-2.311556713279024,0.1804541913281804,-2.5120733265898183,1.381449717421049,4.473568373219729,-0.5319315082920923,0.8811815239284709,2.6323862046774984,-0.36189109162974786,1.3969223667240844,-1.86513793975052,3.552096876653362,-0.05858267884076995,1,Group3,TypeY
-4.360854001276766,-0.5560872357353758,2.822147113333634,1.8851091290452031,-1.5544394912495292,4.2445832591276895,2.0220082922823392,-1.5736290221169846,3.6444623738109585,0.3720814786673863,-1.073206783763738,-4.671186874258343,-0.5987030650818315,1.78199366324495,-2.079933357997259,0,Group2,TypeX
-1.5347581114706983,1.024243815874878,-2.2598660980188097,-0.11764351434957887,-0.8581854275657422,1.3305191496279853,-2.334106093149602,0.22706305314414962,-1.6568463473646438,-0.07722171159842571,-0.5189143224062946,0.7866454020772345,1.3930541077111553,2.0437546378820914,1.6721795328232214,1,Group2,TypeX
-6.250060436873755,1.6013762763711306,1.0242969109927702,-0.13672710593506499,-0.8540122098347956,2.926863856857887,3.1408798097322075,1.434001003730461,3.6553749869343175,-0.8866391692045981,-1.3175280808385321,-5.2297488809461425,-0.7441781728505774,2.2437270168329135,-1.3883001478419217,0,Group1,TypeY
-12.57027839146926,3.5266584988875045,1.083893610720625,1.0565157841574302,0.7102381286067885,5.473842912856034,-0.15592581071914646,0.2536835542980969,3.134925954100027,-1.314748860310423,0.9389689329309107,-3.5561740296374054,-3.98162637946659,-1.268573100790061,2.964473199752687,0,Group2,TypeX
2.740660421611223,0.8078330637670141,-0.09395032304710838,-0.5971234844793503,1.001405862225221,1.4286476623596953,-3.910838120139879,1.3295342439705244,-0.32175543470393775,-0.589423411486891,2.381998615358194,-1.0982069652189044,1.428166035521948,-0.36142269660133336,-0.3337103530403016,0,Group2,TypeY
3.908010150242091,-2.0181490028504703,1.723012771963219,1.7316202384796533,2.326845923780656,-3.11748000691219,2.574133854073172,-0.8594597234480168,-0.3341913386045344,0.679373170574121,2.811563913145565,6.602086121675335,0.46808077679456106,-2.0670618415758133,-0.1557243996743679,1,Group2,TypeX
-7.380484794468335,-1.1578848129543258,-3.5002914712003053,0.7329900635454633,-3.1277337692449207,1.5552184308111543,1.852505492973552,0.3306132610904059,3.331941036058688,-0.5653499525010943,-0.06772769380315558,1.021316710239089,-0.3395718366985633,8.675045767750794,-0.1984246881325995,0,Group2,TypeX
-2.7919146192898063,2.160542154788324,0.17400428315898386,2.630929736498515,-1.2867738290205097,0.43029070945935266,-0.325651589450456,0.898726774013644,0.5949203932888134,-0.6078099800296577,0.7384644643710594,4.237656762305129,1.9931868642976287,5.416625745977753,1.4765504850472153,1,Group1,TypeY
1.6142838991996435,2.6074409837178485,2.37900159885671,-1.4592388560099387,-1.4223110335104374,0.8813427548397231,-2.0637901365047258,0.5251693132621684,1.0341494017807886,-2.388531462477686,1.549100237440518,-4.624773963764718,-2.020433786426155,-1.333170577767597,-1.7735373473058846,0,Group1,TypeX
6.173649674478311,-2.0416980229510457,1.7318708613896432,-0.7290510371863257,-0.24829330067073596,-3.1470775433136584,3.932234212270436,0.2066776285391162,-3.0652075807006476,-0.129297457035508,0.36368979642073374,3.4240771413824866,-0.7387432623499905,-5.013815338442875,-1.3139370656887746,1,Group3,TypeY
-4.289593356701103,-0.2944430222117389,0.6938275935167313,0.2573868203850507,1.0542318196801812,0.8922681437080248,-0.2279451870821193,0.18421722953009348,2.081049610270001,0.6099513873319773,-0.9920287928298905,-1.5257717782991238,-1.6428845082728056,-1.529611132794104,2.4307558156227316,0,Group2,TypeX
-1.4503839909094434,-0.36857832626500375,-1.6886477514553224,0.41897468554629835,-0.4143953676343559,-2.157511272966539,3.666166216773182,-2.729404384923734,-0.2239544434427464,0.005205261894946381,0.9137798694849527,4.630559713154952,-0.2495862631964576,2.54367944959927,-0.3918451574634384,1,Group3,TypeY
-1.640574218522311,-0.6322270913330865,-1.1363094925001886,-0.3049983347167462,0.23392593626835345,0.7299119110876806,0.6709844324604837,1.900649041722087,0.24645206079470527,0.39329513816648076,-0.40735798460355643,-1.7532531603202421,-1.0192320331110463,-0.045273162075458284,-1.1709187790139717,0,Group1,TypeY
-6.819104885200576,2.165595634163786,-0.38145914337078823,2.5850469788035886,1.2650004402141959,2.3054571839385076,0.6431170384439051,0.24581922181638913,0.6921352905072182,-1.417639757227406,0.32740634430024884,-2.2414465208565617,-3.3865917043823743,0.4777611863263757,-2.4199819476371562,1,Group1,TypeX
3.4134708832265686,-1.34609796687011,2.030090737551893,0.5990958252629139,0.7918007839116279,-0.8857914334003479,1.9934709688563008,1.4744820073782556,-1.0754350223789837,0.40861074756391724,1.0705772416879202,2.6429778072469894,0.4432022113208771,-3.068480244689688,-0.4008980520781239,1,Group1,TypeY
2.65244191617138,0.6715726217328652,0.06327000645832748,-0.4527928887480406,-1.8281079256504846,-0.7370834721266808,-2.7150991211451725,-0.5902146122004895,-0.800278871367295,-0.12049741389935952,0.46522626936085976,0.35221128102567845,-0.005386463939159536,1.0421223665665278,0.22238186748833222,0,Group1,TypeX
-5.863747821314753,-1.5334377006120192,-2.731442365756596,3.231837442911505,-0.8972654234521107,1.672909150160042,0.6634095038522461,-1.5703258142530165,2.3591521091070864,0.3367122954206112,0.047966065883575215,1.9014521476458743,0.29112012285683075,7.590043211117308,-1.3877480076991517,0,Group1,TypeX
-3.4089045214504927,-1.7076023688537236,-1.8499740496749082,1.7342984695204806,-1.839389786485776,1.273173735635599,0.7700277853724438,1.1888062411931566,0.8271544569050608,-0.6650459180031121,-0.1784690409413605,0.9646176204024098,-0.819045205336908,4.290305280800271,-1.3634727501121018,0,Group1,TypeX
-6.023997588494856,-1.172790660544716,-1.8648417843768734,1.2283013597157717,-1.762348783525905,2.6221591875152166,1.572877823375174,0.1817812325871601,2.7616340150769556,0.2944189776840481,0.3957963191288527,-1.7284949542828574,-1.8418621267466637,4.959448078634581,-2.495620127359472,0,Group1,TypeY
-3.871772366721797,-0.2504993516300973,-1.2688437681372817,2.0289945588676748,-0.7254715699668857,-1.5099949858465762,-0.30713205182063774,0.25100354315014656,2.4456061787659085,0.1794141710488413,-1.5770098627297489,2.0067700543316853,-0.03893716540501313,5.656212079195655,1.3285059375094819,0,Group2,TypeY
7.273554778542131,0.987912576225773,2.7072782376894575,-0.8744741971398058,0.3289691373297663,-2.8368212994004924,1.787603973314208,0.8264531108587624,-1.1393269774109946,-0.7449787674850553,2.1866024476661154,1.558404805751379,0.9520535170367148,-2.2856705107325976,-2.468255588741451,1,Group3,TypeX
-8.94588706928005,1.219539407645921,-2.3563456391678876,0.9801651669402142,-4.109669887122699,2.840327377709676,-3.1295555384295914,-0.3277950558774631,2.842208465069093,-0.04166002338133474,-0.21141618239909543,-1.5766260446566003,-3.1975396785985537,6.729242901261606,1.5883160395247242,1,Group1,TypeX
4.789182795539012,1.5480534767081302,3.6117972279509662,-4.73043970646174,3.1585829058730495,1.1559177598371337,1.901715112447162,-1.184951941226075,-0.9283913734890614,1.6049345017539018,4.519094116067058,-0.6230363594740129,1.5490658272535005,-9.910070530254233,2.2446470924318365,0,Group2,TypeY
-2.630638362906374,-0.9893455770206329,-4.300085322952208,-0.10639045546045556,1.9282888327042231,-2.1802296602558062,-0.5549994128693181,-0.8263652852658686,0.3696175040124263,-0.39222961134402384,0.0892406043773093,2.5822456445328554,-0.35586352796379517,2.623446526751444,1.0761042747545329,0,Group2,TypeX
4.132855212273125,2.3561286904722296,2.8565468360093544,-4.050725169378259,0.4386710454516687,1.6048894533051228,1.1625816779766325,-0.38850706711885274,-1.8018161791695877,0.8255570748695653,3.949094710167613,-0.7199743733866559,0.8905292797755202,-6.990213569968411,1.0533756762297213,0,Group3,TypeX
4.8220946960899544,1.9978340003054877,1.4373686348577166,-3.377427155254532,-1.6108390647942343,2.606303735715004,-0.2848715181892737,0.40848533814647026,-2.525300899196412,-0.8612881023859011,5.097159000131873,0.6967011326146845,1.7466538965001717,-3.364034427677977,-0.11709696788150548,0,Group1,TypeY
7.491404428082847,-0.3754729709203295,0.11330727126116791,-2.5079305291557845,-4.021897487252765,-1.4462729455516752,-3.253679441111731,-0.5461661042180197,0.4357497270940992,-1.4144630113663208,1.5820882795283255,-1.2930548953001162,1.256859136072031,3.5168328009265317,-2.0146898275127176,1,Group3,TypeX
-2.5257289678462316,1.3798814552586744,1.3731125742364736,-1.6877000830479867,0.5335208699672829,1.301886117847893,0.8003039054749868,-0.6270508454473506,0.8971711943667148,1.2075031949519206,2.3162634733035983,0.45991736367020863,-0.977728116239343,-3.2693953129701434,3.0108353967786745,0,Group1,TypeY
-2.5091219748542533,-0.44619808346103373,0.7140188559011793,-0.06374295407273212,0.8132286426783661,2.3423983236576333,4.188596935690841,-0.5807410905564503,-1.829678404391339,-0.0034808485732018284,0.02888445729699418,-1.673977833763728,-2.5866779930686086,-5.357595579503106,-1.9375097598803233,0,Group2,TypeX
-4.502004674396469,0.33694255245109284,-1.4177955305206078,2.0004877642977474,-2.7394635012704303,2.9466880170133836,-4.044387905256274,-0.8614434294642864,1.2025491857817514,0.09748893902369685,-3.2191812722110704,-4.834923660601076,-1.153890469907626,5.141091494881409,-1.0456702364074295,0,Group2,TypeY
0.24869302882187094,-0.34070720599513526,1.519809901900659,-0.6757160496262784,-3.9398954586251875,-1.7052394632176648,-2.16981172285294,2.5083062730565633,3.94878049426614,1.8068588841465116,-2.5913611684233326,-5.080602989791155,-2.8404859188210674,3.517481633637506,-0.8123355680302446,0,Group2,TypeX
1.5349914518529222,0.913299118046413,0.8060653289215495,0.19703900277521047,-2.2232249443370735,-0.23061788711951037,-4.907866272280847,1.49116640428018,2.288057571111274,-0.3005359851787682,-1.936407319351666,-6.230094451171178,-1.517378919584598,3.2658705546566673,-2.305108180998406,0,Group2,TypeX
2.009874326007007,-0.10474605650881696,-1.8678836540971355,1.1299450362391046,-0.9711033302939961,-0.5360837633740823,-1.3088023439565566,1.959683981955883,-0.6522904671582981,0.3132416936936163,1.6044583581641896,1.7938603196549596,0.8384400273465007,4.442200548680487,-2.8892519212432983,1,Group3,TypeY
-0.2846239497909668,1.9079263889972586,0.42042968741417663,0.027790486307825324,0.08568831224204643,2.3090051349905654,-3.327337724345997,-0.49687612734152825,-0.1317948761307084,0.07388693612455402,0.693739224405577,-3.3188850508562475,-0.3052523855121232,-0.39276597668185487,-0.7340199052534719,0,Group1,TypeX
-12.78012233426175,0.7428170605194321,-1.8279970567480661,2.09317998642404,-7.321250364127825,3.2050546831553484,0.9462623912520793,0.7738771734428223,2.869121784152142,0.8410412769616195,1.2328361974806676,3.6253248964377875,-4.906239006630624,8.379185465639459,2.8346633750817496,0,Group1,TypeY
3.1446928091014072,-1.3608346427915834,0.37379685651699346,2.0899471842255295,1.338625761042163,-2.12055305617297,1.857796437919411,-0.7554608013928819,-0.3194205097801377,2.2331159171321766,0.4755510132196056,4.249527176047924,2.379148442138551,1.6837755761105346,-1.3527818418495774,1,Group3,TypeX
2.9441178889416273,2.2427283354146232,0.0670876109439631,-0.5231169724016909,-0.8611866681458078,-3.983648983202556,2.7015851419343875,-0.07398478153626888,0.13932067678891968,-0.4093202145866852,1.4777635805903475,1.447867998654165,-0.6399872959932176,2.763720970071449,-3.6619484565238607,1,Group1,TypeY
-3.401059830743904,0.9916032101690405,1.8171165027304954,-0.7519214824608659,-1.0663858546156528,1.3820258614344851,-0.4678676113846898,0.17118714374566293,2.3574588256092874,-1.1429425463832155,-1.8376622077233025,-4.823665202206131,-2.205891918102794,-1.1466251279537802,1.1501754036209233,0,Group2,TypeY
-8.059450092480512,-1.0308705014909192,-2.806032872249618,1.1883523292500429,-2.708421411701499,1.2334147914575373,2.4933840988956586,-0.08119318413546972,3.331897755137144,0.8353334353648353,0.3487469853149141,1.5554017738910904,-1.6632529181885163,7.2955115223902265,-0.16144553643012205,0,Group1,TypeY
-4.720791828833905,0.5157679803082147,-1.5431284113665837,1.7387830883818651,-5.76286703836891,1.4362364966867207,-3.0615037862803574,-1.8662459348495894,1.7912316033602622,-0.7602844386215937,-0.6407868072913037,-0.7270406949135516,-2.641068704738749,7.93724448482026,-0.5748911060964441,0,Group2,TypeY
1.381091902421094,-3.5536455205283577,-5.376822581548952,1.0742091154116364,2.944031356975739,0.703823401640665,1.7192429005815844,-1.202671507771992,-3.264471427008909,-0.9900137139031393,3.811925041910076,4.175694834174454,0.5771988668866928,0.6991574121483005,-4.974569004081682,1,Group3,TypeX
-12.072383331655033,1.3931209888363825,1.3276749202801532,1.9982960653565072,1.062892612821607,0.8978779851687304,-1.070648491076381,0.6051330157589494,6.683996597248085,-0.2802827130771807,-1.764348999906475,-4.084216359615862,-5.7952306354723735,1.1523415375784574,3.326944107525965,0,Group1,TypeX
-6.209787866240988,1.2107806893451882,0.8692536048005126,1.5414078719633189,-1.7889904591881227,0.9885641051400726,1.260306210250417,-0.9621412281903847,5.316273269339702,0.00022394799578804667,-1.8398027988980052,-1.1270623287717885,1.4126176173654699,7.319706264271046,1.4127904308872674,0,Group3,TypeY
-1.9376914238281038,2.31386481446219,0.41808127248448557,0.4284723279786452,-3.3506731788233086,0.34866331513464976,0.584000441708872,-1.3708420448290057,1.0712265442870201,1.5949202080860148,1.2434119758264626,0.5967612765086349,-0.8290232883599511,4.443084456060744,-1.0591456540857327,1,Group1,TypeY
0.3943791475046768,-1.7667501428037968,-3.3315103845699316,1.413507147297938,-0.550632132468339,-1.6113970447429447,0.44295383320446,-0.07589878507966075,1.8254903184118314,0.0803195726252119,2.8602008970017123,4.4543911911976375,1.5359984027432225,8.085712546913022,-2.7568510213806983,1,Group2,TypeY
-13.224610610037209,1.7997971237926804,-0.36102696109767907,0.8184924807992584,-0.7558676832388345,5.4929249618447695,-0.6500616004136189,-0.06660102702197371,5.26652312742727,-2.2243841086088687,1.0735941154263176,-3.302571293657952,-3.232167927976788,2.9893186121484603,2.999304428717987,0,Group3,TypeX
3.896540581714854,0.3306773124469009,-1.0377030790075041,0.5922003578334523,1.997399295196605,0.4205284977572705,-1.5899599233501451,-0.3617169878172646,-3.4211445703653878,0.17866977521907204,1.1370800950436732,0.892863599280087,1.8106874706185738,-1.6063546511369238,-2.0585387497685526,1,Group1,TypeX
-11.270497476075404,1.6365637453842752,-1.7467497492397959,6.177193386587945,-2.3613008119430816,2.553286581034662,-4.642101108856691,-0.3525930970644072,3.429626331767115,0.7009723227039657,-1.6897419720935618,-2.0699566801445006,-5.0423907414894344,8.897310069286313,-1.4611762814474214,1,Group2,TypeX
-0.7707390006884728,-4.5923495398002165,-1.4302359092729695,1.0962384021648275,-4.739053524540061,5.008399576483109,0.4025521128985714,2.2999691243864735,-1.1220852822239347,-1.4413417457153697,-3.527739531941033,-5.504518271699763,-0.9219665020022292,2.3146192341077607,-4.784991120498815,0,Group3,TypeX
-1.3391731030992327,-0.955357938195404,-1.1438225493126744,0.7351707486361827,1.249405575457747,0.2080316463955998,-0.12633137620404877,-0.34034048288290325,-0.3254747034416725,-0.22572263161213502,-2.3053032194035668,-3.0362788866869757,-1.4396923138371238,-0.8615944794939937,-1.8355678890841458,0,Group3,TypeY
-13.3638293190142,2.616720033351745,-1.4096690655740738,3.2893555344005767,-0.8866008673121323,3.83120040671932,-2.9380873728138153,-0.03813456882464037,3.8169429897841765,-0.21053494035299194,0.6962465350451246,-0.8380284178412285,-4.327046479142146,5.106252413360889,2.4984419479619433,0,Group1,TypeY
-10.808959184065719,4.1312379538338355,-1.6726517813641082,2.249994495366731,-0.308814617138897,5.88866020204771,-2.6114875817938126,-0.40615141657380355,-0.3092715895137841,-0.9469827656173482,-1.9897188738119782,-3.3550477939050753,-0.6983844513535198,2.4984606204600857,1.9315781276753792,1,Group1,TypeY
-1.2040668605956701,2.030291369651368,-0.16853968047892454,-0.3792240559800544,1.1460953433298884,1.7545057452981783,-1.6768012762843805,-0.6929570045312151,-0.4313467561287503,1.026087440960004,2.060239957408291,-1.2931264468343904,-0.6816420087762345,-1.4061686342580395,-0.2555258397359593,1,Group1,TypeX
-0.44560194016118165,-0.015120064259161126,0.449444468180177,-1.9276542066806597,-4.476140146395554,1.4733664210140613,-1.2206903970326273,-0.5911468299256105,2.741046284962623,0.32868234949648295,-0.09458503582677324,-3.903368320307747,-0.72904391236788,3.642758637904021,-0.4845045148488072,0,Group2,TypeX
-3.2786309163239102,2.1359456313772887,-1.7397165621377053,0.5980302030508262,-0.22820798825999222,1.873941018477455,-1.7021504732706219,-0.40231002275272265,-1.7774867872212134,-2.9937066026606227,-0.44672817900715134,-1.4151207308924079,-1.1330272126626095,0.5170351394617066,-0.4762312408292929,1,Group1,TypeX
-9.236123307469478,2.1204904404766403,1.0160264438056683,1.5344301892875487,2.2548208792312545,3.305417911554128,-1.31436567777833,0.7229969346243232,3.1334473818322817,1.2377381057492252,-0.8743125151496425,-4.633330526155515,-3.445093207445661,-1.6791708868576083,1.8312298392102284,0,Group3,TypeY
-4.801212768611753,2.359545027016881,0.1841519349286702,-0.8233478967742451,0.1182864316730523,4.983519642421022,-0.38964291587689603,1.2530582102439143,-0.8919322849504276,-0.09024288144032204,0.6296289762844871,-2.389137439024071,0.20077186463950603,-2.443602523197461,1.9427907219198088,0,Group3,TypeY
1.1353717309335591,1.4507201101765794,3.09789237235746,-1.7905628776478508,2.0537846105181896,1.2301120797759522,-0.14915368440458998,1.862869121400177,-0.14886437832959332,0.12466339340755687,-1.7215232132637452,-5.986757450124342,-0.6377371789838195,-6.912776341370515,0.42252250073636244,1,Group1,TypeX
-7.234272120096415,1.683067350528801,0.6202522084892226,0.3590791893015777,-3.88203781323911,2.6197404316046287,-0.23280541159689205,0.015123261584553639,2.88415299941663,0.3363229693212808,0.8243919789338723,-1.7494124936829956,-3.848858114957132,3.064046045975994,0.9260016140017484,0,Group1,TypeY
-3.004771179609067,0.2947825640345417,1.8746068384021903,-1.418724758622318,0.41564588031386007,0.9769519448413084,-0.3640052643585491,0.7917452740087223,3.0444688474690444,-0.571902849809924,-2.0062663799932903,-4.735310313072738,-1.2043978961301036,-2.2557062821862583,2.5081454340352884,0,Group3,TypeX
0.3578322898275999,1.101919827897089,1.698294600753047,-2.2585066887070204,-0.7100052536637484,2.5436307236249243,-0.013941010579827884,-1.6368018643107916,0.1771836392753171,2.523373331399558,0.33170550712517544,-4.067331534194422,0.040081338032695646,-3.0170736931520454,0.19899879551962607,0,Group2,TypeX
0.21700585152491741,1.555421689812062,1.6316730805274695,-1.1028331089124437,0.9538981398362436,0.5995365117717888,-3.023248462020881,-1.2255347222149022,1.732749010251477,0.13480142329020342,-2.452740335632826,-6.934932180191616,-0.5392829679384854,-1.8759679171538033,0.11900875975376746,0,Group1,TypeY
1.0955895600332886,4.110327632587192,1.2563002130327354,-0.10118607742784125,0.70441609492784,0.7776968321298672,-0.3393198086273296,1.2588862057428216,-4.509822449249478,0.09468138947073004,-0.15991771714117275,0.8983158581275882,1.0188694713498583,-4.176807034947984,1.211791508434096,1,Group1,TypeX
4.770809451444234,2.7291975642495876,5.912967787060791,-5.708949199151834,0.9244081972292726,0.8189459338654509,4.173481862442551,-0.04946657132325152,-0.8131030457736674,-0.25177867392637926,3.1456294461412915,-3.6071996834686173,-0.926115370048884,-11.860822509664839,0.9964872992072307,0,Group3,TypeY
-2.880300832712018,0.047758777773627914,1.5090557986673332,0.6819943759459575,-1.172566234397828,0.11515679792183087,3.40700629626603,0.9948686937879384,-0.19092543867232403,-0.5338446438149185,0.7675630623827725,1.9310411353758927,-3.076085704011174,-2.126668917927661,0.28054861951045496,0,Group1,TypeX
-1.666844228758438,1.8438186781781742,2.394107773696797,-2.3126457383690973,2.2795194198572806,2.8269475146963696,1.6458453270546776,0.07142083258109318,0.09591384118960589,-0.1088486250691617,3.3458737504283156,-0.9661341551809567,-0.5532000146724183,-6.836139004756894,2.247027523548666,0,Group2,TypeY
-5.282465991990538,0.8104748120049874,0.1697494137918224,0.22746253233158686,-1.7140746576387944,3.001518866531281,-0.41047657874112065,0.01670086726755042,1.2074883138611185,-0.3651329377957845,0.4992289820000798,-1.0554923550153412,-1.6725325655023084,0.7722089609289214,1.528181985994318,0,Group3,TypeY
3.009221577785812,-1.5358824936854745,0.3982346914637547,0.7654526080375416,2.6113232583633774,-0.26240488007211327,0.6156343692997174,-0.2610087241723136,-3.41901055867519,0.009426360563773238,1.280063621901288,3.186500424962025,-0.039836107393213416,-5.59868796741332,0.027699245619319246,1,Group1,TypeY
-3.3345264676212736,-1.3944899460080298,-3.2295245736744658,2.7844972953271467,0.3310464785387115,-0.0694245249788874,1.2085416711640882,1.1780873685621747,2.351604810252753,-1.124165984761934,2.14234643819705,3.8096587298839086,1.0563882916575418,8.054450334320748,-2.565514394370273,1,Group3,TypeX
6.064453279011171,1.618508183853279,1.0513073140296298,-1.6002773789894005,0.8115382878448791,-4.929616848820763,1.2850713237271618,1.8307438248312617,0.9820960318351799,0.4931956884898786,1.6604999079496423,1.5380794268392086,1.514844523026153,1.2490076183561283,-1.7006783018486393,1,Group1,TypeX
5.385837573378077,2.3751668586973036,1.3501923405820406,-2.0495273223901185,0.45179785795843475,2.0774472125829435,-4.333574857121375,1.917287968605754,-1.2766922225374886,0.8290984400183357,0.144726468776879,-6.532472393347152,1.8110410978966143,-2.4933478700155076,-2.195119085835791,0,Group1,TypeY
-1.5557029142420051,1.0560737683192891,-0.379883457096878,0.45766271213954346,-3.8144835800714545,1.518187101519947,-1.727800621904731,0.787276293122914,0.2913603694035989,0.4595754883110654,1.7420690916398907,1.543466085327028,-0.4247891627073288,4.249585784579604,0.3740726942288908,1,Group1,TypeY
4.041135714227835,2.773608772320877,3.746372376571155,-5.062485929725878,1.6139834812434835,3.3736923573310182,0.047297628719478624,1.2625774069641502,-0.3862906361620475,-0.05750296879491637,1.2201091011349259,-7.455212708858879,1.8688325599455045,-8.27129816904888,0.2995616959438966,0,Group2,TypeX
3.2312316926954967,0.9117764893085106,2.554257179934366,-2.655532105841633,-2.3034579579708243,0.9874539497491003,-0.683677390498707,-0.04003720752109928,0.40874909366004375,1.533012542249183,-1.4961762921657846,-6.293910368534192,-0.4071148863837004,-2.3450735578999446,-1.1949264540533333,0,Group2,TypeX
-8.105598166372102,-0.4926452199545326,-4.899760149852887,-2.792993523330908,0.5975883155984283,1.4534892233321342,3.9558712062987436,0.4080960585699445,1.729245835533833,-0.9032931107791092,0.05743767333482919,-2.3325872847891285,-2.103292696979251,1.591614053895495,-0.33577636986859605,1,Group3,TypeX
4.985508750477059,-1.4326672955651083,2.8532061392987873,1.649698656053214,-0.348088273275863,-0.7336625344525476,0.8778557450786479,0.8889877491836431,-0.39888821212778713,1.7305179518279585,2.254680421143153,2.9089948751184775,0.4719492492711179,-1.0280870748171753,-1.9794253686162067,1,Group1,TypeY
-3.6845304296348464,2.771799001155909,0.7090608267319418,-1.1192750646841536,0.4705517179859724,0.1517880718111606,2.4614277264807116,-0.18643641582155404,1.5882054276953874,-0.47935394265608433,0.23807345722432993,-3.1380816048425264,-2.330983278691366,-0.916228644108795,-1.0554193503565585,0,Group1,TypeX
0.046539620903273404,-1.2111181323245372,-0.6192326308412477,0.657887489810722,-1.074622947929221,1.4048950183734004,-0.49111548506780345,-0.47025571626635737,-0.6843753833709154,1.4985463606698537,-2.2654621241600306,-4.030468090946061,-1.176726978266577,0.29326571190094164,-3.127645315036309,0,Group2,TypeX
-3.1804909255112896,-1.6032189125626353,-0.6219427218934204,4.148565154006125,0.3136008219224189,0.49766552666395414,-0.3879110530408657,-0.3829992144834577,0.8648256870045967,0.4340684871831768,2.565845655584938,3.9912904217382414,-2.5329298131498934,2.664859387420864,-1.6542349736183874,1,Group1,TypeY
-7.070878795043136,1.3546528141941203,-1.576620808949295,0.9928173632449199,0.4207710549909316,0.8394010178206248,0.7723065665402634,0.8549039226364025,5.012523542557809,0.009395354575849457,-1.4038031222023148,-2.1942743564113063,1.2018440437156812,7.312801646587934,0.20384587685252198,0,Group2,TypeX
-0.058106566431661115,0.20948683323315964,1.3623327478183866,0.36613132843852136,1.0212056311684887,0.017363473787400552,1.9286702802305924,-0.20470723352228773,-1.3457154697203357,-0.3864948903227902,-0.4438023091685339,0.4857284162791247,-0.6633902844839517,-3.6478274567597775,0.2258233492975441,0,Group1,TypeX
-1.2911354054049078,0.005868204295738755,1.0614310577567174,1.462002257499741,-0.0003730921268122467,-0.639281331419334,0.6665223814116912,0.6887127445547695,0.9110838237485649,0.6097377233367051,-0.967743302026244,1.8463435135647335,0.5965713987310342,1.1023149510481591,1.5688434640075886,0,Group3,TypeX
3.9637715173806525,2.6972790656335977,-1.7519102461508345,1.1577267309885322,-0.2507447442199997,-2.6207660367818697,-1.3158659120042335,-0.15350069556978385,1.3450454303192334,-0.8664477699523984,1.8751477682960613,1.4706883601315153,4.050940761776467,9.559178376195902,-4.563262343261172,1,Group1,TypeY
-6.347161953706601,0.9181811483400089,-0.3506496171633001,-0.030624382332040456,-1.1578500013269175,-1.1938408384135903,2.440678379925451,-0.8505653895034339,3.7892340587636992,1.4545384608877576,0.9862664332234594,2.4193633474317635,-1.9728952814790466,3.707265233367965,2.471191328227201,0,Group1,TypeY
0.9171264375840475,1.032233805056265,2.451386404003068,-1.475336933836088,1.832158346586171,0.7773822111755897,-0.3021414446560734,-1.1534825308886436,0.23770948521635193,-0.370036612568197,1.7807199204768898,-1.2018272719227734,-0.5870448721732022,-5.392986867545949,1.6325481477353874,1,Group2,TypeY
2.315083647025342,-3.576398020127792,-2.585126029307495,-2.124774698019243,-0.5857280861671068,-0.6801936091189362,5.510991588846208,1.295148544195343,-1.9561848445629506,0.404941353815343,5.922347674992176,8.042304371832612,0.3765035224121982,-0.8415420983869989,-0.7933394843248389,1,Group1,TypeY
-5.741495602317245,-3.8490616379274964,-2.9699486963001913,4.001270625942985,-0.9067070012059475,2.381243269106117,-0.14129016381352955,-0.9857330334274744,2.9261164116877842,-0.7737805788906578,-2.287661062528591,1.7084719419571335,2.376411750874064,8.728132695815681,0.020126610262761968,0,Group1,TypeY
-0.3644445693989803,-1.7092785463254125,-0.7905803300399485,-0.9083010262634597,0.7371904100191038,0.813739296748696,1.6352206784099175,0.30297187358728317,-2.8129377776189184,-0.589160387988942,2.976702484139534,4.354171683512698,-1.643391619589882,-5.201221001414054,1.8566457473436224,1,Group2,TypeY
-3.6898631134376436,-4.0548210902927,-1.539100237005929,4.835810076093989,-0.612852310256505,0.928769250979261,1.007106749552089,-1.5166625462859213,-0.01885004966201409,-0.3492618853479615,0.13880346316212533,6.395174121799213,-0.17004653047479812,3.9562906021876985,0.29661824606645193,0,Group3,TypeY
2.6880346021334147,2.10510342182537,0.13105407830583848,0.09195065663260471,1.129450199969453,-1.5689201861332915,0.30910160428621836,0.6754908472654697,-1.042621594677286,0.5775169546072118,-2.3737196938264944,-1.23323780121827,3.0201152399006914,1.2195303882748645,-1.2506275335278865,1,Group3,TypeX
6.927154649289562,1.0769742037156433,2.1111230046684,-4.005530459599919,-3.016455414785615,0.5271817178203906,0.3347023381681904,1.0694473881241897,-2.065288702480701,-0.004142584944154457,2.561050586614497,-0.908130150974929,1.2491498358965245,-3.094753621528188,-0.675149183741409,0,Group2,TypeX
-3.7940435476305043,1.429702912853404,-1.0418801769864956,3.000071856730047,3.5875046946114333,1.8355270213959485,2.559187968450219,-0.1045513885685264,-1.7630416346889857,-1.3942977502044178,1.9585070787138403,-0.7186264644540691,-2.937125316309272,-1.9652131709018932,-5.5365572434361825,1,Group2,TypeY
-5.325077032351565,-1.0200159396455266,-1.7879335073174882,2.05834093093992,-6.569889429295169,0.7447890900583938,-3.434088332009845,-0.3098449013640731,3.414484578100277,0.7851265854600545,-3.919345156522631,-3.3023276823351497,-2.812310038343954,9.844787664807113,-0.7269307658417492,0,Group2,TypeX
-2.1021603348428846,-1.1602249966638971,-2.0506398246794837,2.480465810406984,0.4710304757009778,-0.07648681799869861,-0.980795359111251,0.7777350472478546,0.2098246231627342,0.07468584263688564,-1.6637654921088219,-0.5367079947573076,-0.837403702370493,3.1455266461481273,-2.0987424831680617,0,Group2,TypeX
-3.514110952306141,-3.453662873451509,1.4024813286331876,2.302737519603884,-3.318639175210279,4.5103934293998265,1.9237309160099754,0.8519290707908426,2.01301008836304,0.9148677980978497,-2.9258819534823672,-2.583189901361596,0.6004577195447272,2.8240300490249686,-0.9358557483816499,0,Group2,TypeY
-4.500319451243471,-0.0421729439937073,-3.477418817618232,1.6554851389082539,4.8577067010852115,1.539760116092821,0.15940039919882154,1.2359432022281034,-2.382925888298627,-2.0200564145232254,0.3082817818565604,-0.3938028974667421,-1.8981700932790473,-2.9428230380352582,-1.811111535293643,1,Group3,TypeX
3.5021388870204353,-0.6716419355881027,-0.3162640108839666,1.3677766387830932,0.6552020269074632,-0.9781223590876551,-0.2857025833330351,-2.035902570104776,-1.0091047619107738,-0.5427989717169651,2.893282843484015,2.701688425265903,0.045865529017417916,0.864622596897764,-3.1437714244094694,1,Group3,TypeX
-2.0509315965513712,0.3962788259590744,1.605712761559194,-2.411993960659804,0.5308462279293475,2.705263381895925,2.357435912064446,-3.321114555589139,-0.25703326307759555,-0.5902219663056348,1.2578098911568047,-0.17177390341866128,0.32274145761597106,-5.2980016347649945,3.4184873089434995,0,Group2,TypeX
-4.499659115275006,-1.6003708845683244,-2.666772891154019,1.9820110691689732,-0.274252381758064,0.17209828692634632,0.9153206862063887,1.1064571522946443,1.0765438431453458,-0.24584831744398336,1.7142307549553935,3.304545740902167,-1.9345522044784513,3.8490565758260558,-0.8728663817972079,0,Group1,TypeX
6.679007552087105,-1.20642237955317,2.1090127850584617,0.7990304358957523,3.2783083980368226,-1.3822536499728661,0.4869755008008365,0.9177721505515003,-0.8772703800712109,1.2101660953653188,-1.7709925117317296,1.858173110629685,6.489389335974344,-1.459037708648541,0.9641267954240198,1,Group2,TypeX
-2.208467197604612,-1.3381819428570276,-1.842929213520582,-0.17657938915394245,-1.2763917546268178,2.4135541181959645,0.630147905959203,-0.3812372872728735,0.12806042365382275,-0.20716168909404023,0.5289637759561141,-3.918894810330306,-3.089310375515779,0.6240583350642132,-4.347910639868215,0,Group1,TypeY
-1.8400500563366007,-1.567290844619357,-0.7677870902155942,4.312270125448112,-1.259504459526915,-1.2284383393438714,1.3544904395852655,-0.3317787717721222,-2.182062251670976,-1.5285912962592862,-0.1387500552876948,7.224045636048661,-1.2194582302509174,2.338128130362423,0.14237749103776753,0,Group2,TypeY
1.9259491952616066,-1.2453562349523626,-1.2808744543728796,2.5258074637000876,-0.0479168068090966,-1.2416598697864365,-0.38906833666098417,0.3566676072498469,-0.9064461349426365,2.2369710770616296,3.0392287709849537,5.386204562788668,0.09538254523092138,3.2097769658546715,-2.255382856307934,1,Group2,TypeY
-5.1443186753872805,2.829424291407268,-1.459673529571042,1.1558232461145101,-0.8378378317398436,-0.21559271715650352,0.4434316791615066,-0.3628556273736071,2.406769102397363,-1.527461356118704,-0.3070595800659247,-2.8839658348740103,-2.503197448188902,5.449363530248296,-3.3151257641961265,0,Group3,TypeX
6.353616265986946,-1.8924004918095676,4.066549943312296,-0.013837081582327215,1.0131450389196728,-0.8349612144870241,2.697615901881238,-1.3124886903363124,-2.1243956200759024,0.24140911637004694,-1.4426792390140482,1.0177312425503444,2.187689395315201,-6.240985263727955,0.4185463857166971,1,Group1,TypeY
-2.7753249259225856,0.4436491819263767,0.2529893082183938,-0.09549271259898384,-0.17735469361587541,-0.5080062961169143,-0.08890288790997514,-2.124027075878851,1.7379573623592752,-0.6900125998145852,4.653480550235327,5.0205899036668855,-2.0527926736875033,0.23590264478851192,2.9654126293344767,0,Group1,TypeX
-2.9229045439794348,-2.757393096390397,-3.0361794038488052,-0.5952694364598372,-1.1190862557829386,1.9241259701201994,0.006125382442980776,-1.229495157708088,1.3761507656602292,-0.41192323438595313,-1.3076148242790666,-3.022351849810062,-0.6222787001163305,2.8860596143984076,-1.4438289317289257,0,Group3,TypeX
-4.973146177568304,1.287205108299209,2.705063953671372,-1.4739719651270902,0.691963507107962,-1.4734078317289465,2.8584269166440572,-0.7387387253049276,2.821203213019267,-0.6270278518303946,2.935861887040261,3.5993225879945916,-3.7544649384871707,-4.35690723126448,5.612437441881971,0,Group3,TypeX
4.975662750432689,-3.673487295666913,-2.8520876129506862,-0.4816101711934391,3.445306146918938,-0.028608640344484515,2.539791841338487,-0.6115158020383546,-1.5813301325384863,0.7875433243268652,3.6202287253379692,3.609117888124778,3.7140361036853733,-0.19858941083188078,-3.4831544489593296,1,Group3,TypeX
3.813149679848415,1.9399486448291847,1.725871327125759,-2.005133650505827,1.0499214878094199,-1.855685972613279,-2.347225468191875,-0.8043615017626171,0.6629821926611752,0.2257880340855212,4.414042628121879,1.7925225899246215,-0.3234753905721576,-2.4607733192998356,1.6777916163395128,0,Group3,TypeY
-4.239080578631158,-1.0266388910296746,-5.388211267764934,1.479570408286199,1.3521118788708795,-2.711144487520785,-0.3021043229265652,-1.9037594056445934,0.21346630446460302,-0.4828777192911349,1.0180632204693238,5.58966436869215,-1.0152594679650748,5.234588852594423,0.6973430320964396,1,Group1,TypeY
8.22048850555333,2.3930090380285436,2.7495780997639696,-3.3439107607714065,-2.395454543745244,-0.01989912108982561,-2.1098054876017214,0.5553988606517399,-1.315737184262447,1.083261776294304,2.4344242043977435,-3.994461459108526,0.20001026166409952,-2.5602724892197233,-2.9803262114616835,0,Group1,TypeX
-0.6157037023720999,-1.7278033888410222,-0.268186930933094,1.0024201422112136,-0.44074956474883265,1.0669940947094796,1.7024889623176354,-0.5582302623977843,-2.550848072231947,0.6128253216693214,-0.9646156040017628,-1.1284446231535952,-3.2436011345852584,-3.4451562414304724,-2.7282647962480526,0,Group2,TypeY
3.5006652622758976,1.1966805036065034,2.0459955442077957,0.6346561639383883,1.1090152514559515,-0.7637395305614153,-0.6528403493226069,-0.9230723963155776,0.7258909119257699,-0.2694937557039864,1.3657333773053058,0.6469591570186289,2.2372418966667413,0.5387146008812091,-0.7685663275414713,1,Group2,TypeX
-3.7440562012713676,-0.2570705517118592,-1.783791427776356,4.202459376554953,1.562063369697479,-0.5235802533250384,0.645500788173563,-1.0866361888852818,2.274640131216916,0.1028142431550689,2.5897553846560672,4.231818638455034,-0.20868178604657617,6.442317923108368,-2.584105128598176,1,Group3,TypeY
2.224924719698293,-1.3577525688550918,3.4992397440057883,0.8431016080123764,0.6038872616008457,-0.43746913738801385,1.5360678173352817,-1.331913110391086,0.5223706935786998,1.3079641925493437,0.4989467955339676,0.8779709653769253,-0.6375324332291759,-3.710953964125361,0.20718513363801372,1,Group3,TypeY
-4.2021469568514345,3.2140983154662472,2.0962524917675505,-1.093320235312883,2.48773683202055,1.6426937489992233,1.3147379214630575,-0.3494249506357074,0.15678676368504074,0.903058166736933,5.816174389249366,3.683293752202735,-2.1698287190066035,-5.95496372780765,4.086865671552189,0,Group3,TypeX
-5.192416522142715,0.32247510715196315,-2.6531427786858983,0.38008611819369065,-3.4122780152596826,2.198417800218897,-0.4972387934910185,-0.82932037436137,3.3233630661947893,0.5915710184530977,-4.10855214772884,-7.174069582068733,-0.1400153319554045,8.676445801287233,-3.5559492507798094,0,Group2,TypeY
-1.2930852903542485,-1.4213633620497537,-2.52677132596596,1.140960056350086,-0.36912531801051973,-0.19476138201522541,0.08880603560038192,-0.4070158918067711,-1.9502576050491842,1.8507811424357334,0.6258577410317334,-0.4671587059803297,-4.738592197563689,-0.6335508023136258,-4.086196764391296,0,Group2,TypeX
-5.359476737109108,-0.7907088477771999,-1.3280778418124386,2.346519708182065,-0.1759401923957682,0.8244969190666742,1.207437479598542,1.1549975605416176,2.3974278135845735,0.19366176451679923,0.365643941915091,1.5559926828204744,-0.8030090965304925,4.545961362789219,-0.48256155581141835,0,Group2,TypeY
-0.02286046492726157,-3.490619621318714,-0.8117217996819585,4.935393639746047,-2.321577864381646,2.8722649164251046,-2.1064499648904285,-0.5430219463857897,-0.9724776682975873,-0.6969414601380967,-6.3631389556787035,-3.862197933210126,1.7086692871090978,5.219161791827677,-4.131561410930132,0,Group2,TypeX
-6.965344434434104,3.197186691303039,1.5411303657898303,3.9682622783556765,1.2092156063590034,1.1623785594571414,0.886858037998814,-0.15650383020921016,-0.36023997601074964,-0.5517378518322928,0.6005296732033961,1.0408889794067828,-4.374670718235716,-1.44575110280994,-0.4602291463119127,1,Group2,TypeX
1.2640495897253714,1.7579539290638806,-1.2655898132956072,-0.16527648129239303,-1.9478853814550101,-2.2322512548843,1.3159081759374083,-0.16045004326563395,0.5191099162558803,-0.2801110077500062,2.6976675394900123,1.894273967218578,-0.6482291798704207,5.136988910640961,-3.66531854866817,1,Group2,TypeY
7.545120856003453,-0.7199569064209157,2.3632699926712184,-0.21510221268324559,1.5709539913900312,-2.8455838819389694,1.141447803488809,-0.3536525548815512,-2.238170888770663,0.22732590682319032,1.6797573168337538,2.2744850243197448,0.26115751240865714,-4.739953046037378,-1.829998922397324,1,Group2,TypeY
-3.9842796259672175,3.5828524604435756,2.0593963890944833,3.115718467127681,-1.0907273521515977,2.4466223652797967,-3.4827424618058394,0.11122333484085803,-0.8713859270064107,-0.32732557507239574,-0.8931095187095388,-4.410075212235846,-5.0104694216022505,-1.3475205005830542,-2.151207100899199,1,Group3,TypeX
3.892577094926559,-1.2502028166759374,-0.6136551343207959,0.9914898036682936,-0.9857625254997022,1.884572174509026,-2.135949906614887,-1.3097319743676321,-4.172233537262981,0.4815076309913054,1.324818403332773,6.308930456659246,4.907206548123823,0.3042911680876339,2.8394546289029803,1,Group3,TypeY
3.8271541987517863,0.8990998475796778,0.8007149247400127,-2.102923718463636,-3.088345668175425,-0.8855045107228952,-1.5133549796656276,-0.3746228193260549,0.5083156506489979,-0.48016958420723416,3.565535336517219,1.0215744520688643,-0.5373959451861539,1.4066995922296381,-0.4123591837342151,0,Group3,TypeY
-1.1531927454087814,-0.8877669059284083,-1.397750364144356,2.0232989421388545,1.6156728308052157,-2.0791353443204663,1.8590284951591367,1.5622651106550693,-0.19733296319498783,2.9452462899351,3.429595842552816,7.843226743844149,-0.11801235633558105,1.7062999262744445,0.6873140606713968,1,Group3,TypeX
1.6423361479389824,-3.2352520783407663,1.0762717259627768,3.190290359265215,0.762694904534008,-1.6915551723483708,3.1171304286957167,0.486842068967491,1.8868059650382114,1.6772395929744568,2.6434336956984748,7.202923179163963,1.9746962664051786,3.274982611479075,-0.7175232559528458,1,Group2,TypeX
-4.408037394667811,-5.127218726271953,-1.5369313929826047,0.464792600344496,-3.343477849937372,5.873034450698861,0.03408854511395287,-1.1130641011871776,3.9843073269286338,0.4330639467413191,-3.3216954999994264,-6.951763084735588,0.874404138732138,5.43104468034352,-2.275427167642499,0,Group1,TypeY
-9.602423525282008,1.0598216600156523,-0.5612044535461485,1.979534856482752,1.037721733934212,1.927546027384633,-1.9293052243792967,0.29919976608889587,3.751144949295768,-0.6235968803326393,1.2503816768793146,0.7363946730388917,-2.969206002899954,2.010243095230358,3.715586686518121,0,Group2,TypeX
-7.093062640589416,2.6389154563224078,-0.659231814691979,3.6050602414460564,-0.08683470545887295,1.6592554597744023,-1.1684628934075894,0.6617366120969479,1.4097597511958755,0.22818728896095541,0.4651809927810483,-0.15043998499041564,-2.5497358881334042,4.165269826387346,-1.218183865041762,1,Group1,TypeX
5.363479031630193,1.5742128369248665,2.4638636841086003,-2.613011731549222,1.7291855431283558,0.9867424968068262,-2.565476336997709,-0.2137702480623489,-0.6092455043890188,-1.0033018309754966,0.5873326362324252,-4.974367920141269,1.4594610999261937,-5.191452530073926,-0.36839350842867513,0,Group3,TypeX
-2.8369312216591465,-2.770452880701053,1.0403694232195968,1.630007269483706,-4.400507351580593,4.747370851220149,3.565951892963658,-0.7057555622271979,-0.8754726088850775,-0.2606083323339582,-3.828352075032169,-2.932765166917181,-0.03826073244294925,0.9150546326721449,-2.0897669074587624,0,Group2,TypeY
7.652706610548193,-2.4915785024556865,3.635343797782636,1.7858126879067613,0.802016763494816,-0.6528075584746458,1.272715349353026,-0.7184839851611164,-1.878694762191701,0.7834656483247346,-1.8123285487371708,1.167203951796697,3.6848496380652667,-2.9249764404143668,-1.3570787578913954,1,Group3,TypeY
-1.287605457967369,1.9201450975227765,-0.00865961974453433,1.4200984624185635,-1.6153515980562423,1.7680521485230938,-1.5423869602899076,0.5582321068783032,-1.236221435771897,-0.17262635300847812,0.3320950793705266,1.1572025008871434,0.8654122651137262,2.3092244856337323,0.32233293837732147,1,Group2,TypeX
-0.6621762737883449,-1.199684131589862,0.22438488840945991,-0.08643621028164383,0.09759018470773606,0.25853852444918324,1.0858773150361545,0.01342048538846011,-0.5522918068228286,-0.013283088959019524,-1.4081948141581133,-1.2518862958982915,-1.4321622518405004,-2.4513930095078287,-0.14987671179970796,0,Group3,TypeY
-3.6807055792264056,2.8624889492999235,-1.944146864745293,2.146490794353709,-1.4070090894088694,-0.46269576578302263,-2.515928036676452,-0.8312878954818901,1.1307086526341403,-0.49094894973186637,0.04764860218119582,0.8567949191773073,-0.3314265732914108,7.195778732479082,-0.7201930824659948,1,Group1,TypeX
3.2532601494065596,0.18368725537790764,0.7051544191009196,-3.279632800943215,-5.518259900662618,1.8499471476344187,0.3618299434213226,1.5571608896986593,-0.6597633113596728,0.18700772147472028,-0.19787516527822513,-3.260768697040513,0.8031236518577038,1.223784693327334,-1.2562364003617983,0,Group1,TypeY
-6.070696463015779,-0.6420203374262311,1.802090598471962,1.6516672231377552,-4.66580199927731,4.183175672797235,3.2878955249741866,-0.8378230611677818,3.594908447329698,-0.8447029987029827,-0.5870816142450643,-2.3982959218632325,-1.2617503851969327,4.818490330231869,-1.6663146668098523,0,Group1,TypeX
11.280162926422564,0.25604271928893707,0.6313256205488422,-2.531280904248458,-5.47826491367902,-0.7440944059183336,-4.086507122388141,0.4137542029473876,-2.231122172187739,0.24245018063581938,0.5856555678465957,-3.410598402673062,1.8383037224793322,2.7920370283373894,-4.76713677865021,0,Group2,TypeX
-4.88323609154455,1.9362643191452498,0.72136490164823,0.03756915356741364,4.2685054920380345,3.6341036074185356,-3.4899691026808677,0.5981721503347945,2.4276460354480474,-0.975532935614632,-1.7009990228875522,-7.34176572433846,-0.03883910373665589,-2.9867267132089332,1.571615329120255,0,Group1,TypeY
-2.464355872747937,-1.5070316183449646,-0.21242522374045625,1.7848515941763188,-2.6872427098763936,1.8552896646903758,0.006780548873274506,0.9305333193245915,1.5324826764404227,-0.6608411967525808,-0.9968427192830622,-2.070467902462279,-1.585278307149564,3.68837903043185,-2.514919232069219,0,Group2,TypeX
-3.2066224612368774,-4.316371850642743,-2.993183229321181,1.3948874963549132,-3.4158589580404737,2.816914182875372,2.537551446815057,0.037563351381111706,-1.9250020761552302,-0.15201890563269788,-0.5528074490845647,1.7426924152682695,-1.890354463977995,2.0277096597272197,-2.153679635909021,0,Group1,TypeY
-0.00010264054061564544,-1.459985877898045,0.9855809060807286,1.4928839571215187,-0.3374605942117104,0.01824905857112913,1.3157795797508043,-0.5751864496435164,-1.2545419125669044,-0.011900823094228097,0.2767307700072996,2.738331000940539,-1.2314638803392444,-2.0033711032769514,0.2744953501101586,0,Group1,TypeY
2.07830373439616,-7.030161973971258,2.8956650207898225,3.2854226413044474,3.538345573510121,2.344058054283941,0.8772387743745296,0.9955266916741141,-2.4976501838670635,-0.08145598777787942,3.4204276958095705,7.00865506316023,-1.469620415592121,-10.148463318311599,2.613795202267794,1,Group2,TypeX
-5.248738696910681,2.158636779995464,0.8934571061015837,0.5579995098015771,2.640277396803249,2.35466915834336,0.8262742525182372,-0.4358573549814069,-1.3820552536764956,0.4643205608266651,2.9733328830464325,3.378202304733141,-1.5530274624742941,-5.346203302898121,3.890776614017739,0,Group2,TypeX
3.426001504880603,0.6966766993865929,0.13868480115469117,-1.2163786049721639,-4.276097891521564,-0.6762536226282743,-2.81987162380961,0.2669757831275602,0.3080542655981827,1.6785739643487574,0.18033520373216105,-1.8745468851168732,-0.47515882610568627,3.526459847352377,-1.5505253545709965,0,Group1,TypeY
2.309072517318213,-5.127050028234087,0.2701487773623428,0.40194985885829326,-2.5156996053281433,2.2762460023510895,-1.7935892314718038,0.6776371019248881,0.10564578683425063,-0.007674063684503472,-3.045237958376066,-3.2346531628101283,0.2912546620946759,-0.15758898581814873,-0.6741488647019901,0,Group2,TypeX
-4.120472564141944,0.3589646003536996,-0.24355755618026564,-1.5966431011325266,0.5258527347361932,3.183144968019404,-1.3462594241401633,0.1847686502490239,2.7066682409004654,-0.24791602574300886,0.8981555237816314,-2.2781873362435077,0.9222027160535082,0.2092593375693325,3.1271954052157565,0,Group1,TypeX
-2.110124124746165,2.7575789686684455,0.4998428433458759,0.31673430723773155,-0.7504425580210243,4.832174036031255,-3.575451197767355,-0.8180021847417462,-0.6559145595807199,0.12301867352675562,-2.195672268763805,-8.33046521357173,-0.4382957466576609,-0.36069175105321455,-2.4152999582266226,0,Group2,TypeX
-1.5757908141376238,-1.5990192639596374,-1.60247307994267,0.7637013934812674,-0.818412122050076,-1.0174432923895753,0.6548432111439217,0.7047894424389869,-0.20256829643156693,0.8095418882529403,2.7012922261756342,0.8002559476344162,-6.152645782022707,-0.5546284269077496,-3.629124117498442,1,Group3,TypeX
1.8206001197591921,-1.1851174872688621,0.7413773043143722,-0.27581342363552275,-0.4341722866955797,0.8530414413156433,1.038360817633889,0.4838411250264615,-2.776100587588383,-0.04233189566021276,0.9082678052082491,1.630928521265687,-0.8457673264158259,-4.258988342309883,0.11203421103882238,1,Group3,TypeX
-1.4260004460023556,1.6512802266992876,0.9627477671857907,-0.38108132016029495,-1.3936085649031482,2.573889936669852,-0.228405459150674,-0.7591835461675044,-3.0699622326192824,-0.8212863840728593,1.251960166738339,0.4792922823076763,-1.9689471163183674,-4.214854855563158,1.223079337215251,1,Group3,TypeY
-1.6132581596527662,1.8290849553246442,0.9972393477959629,-1.2304935967570305,-4.148941767734464,1.7632434173807119,-0.6400596655788853,0.13394188295201317,1.0737146756446754,-0.6116931217017983,1.3582097442483538,-2.045050195707847,-2.032122618916473,1.7851168246737563,-0.3427415107761398,0,Group3,TypeY
-3.8328779893896763,-1.3266814448934077,-3.1428066360864717,0.8323704555645185,1.6504528806199796,5.074231760403451,-1.8207670877045605,-1.178179687334277,-3.7251988554772306,0.432850402519974,3.4960233257261164,2.954246293103882,-0.7915489098024284,-3.3457754798568886,1.2769466569775907,1,Group3,TypeX
-1.5688970024499556,-0.04584957861042416,2.038499081849717,4.899228438126925,0.5958892335262189,-1.8923807254590508,-1.9096709324433139,-0.04020473453637896,3.135806391052128,-0.5019919601812046,-0.8923671683277407,3.976341145888346,1.1315993562566473,5.091719748626909,1.8440393092416394,0,Group1,TypeX
-4.569432135753593,0.04004460624698192,0.5893330824014917,-0.8399237352134729,-2.773482080579085,0.7190949924215446,-0.576934470270703,0.7344258528096671,4.049636915990578,1.4224229552858216,-1.3719466898309034,-3.349366976460765,-2.2624190455172704,2.75253170549292,1.6739167476324237,0,Group3,TypeX
0.5444906242450432,-1.4351879501815452,-1.2299922947366855,0.9805763264441238,0.3104374275227655,-0.009698719122091637,-1.596927303083072,-0.3720643253313259,-0.7564720568957575,0.2808911266011715,-3.2283089489600307,-3.351998337627593,-0.586700732908056,0.3058291401923528,-2.0805251315655453,0,Group3,TypeY
-4.014702069733163,-1.351810147181791,-1.8004564463955275,2.2120359620919725,-2.334883303348042,0.2827496984856942,0.25908490673187135,1.5083107487475504,1.804179935599465,-1.0002705227767883,-2.084381879068399,1.488127200047444,0.6472544259554371,6.814659900777081,0.3310801109752979,0,Group3,TypeX
0.37763508592409273,0.03738090016540496,-1.2701270333999597,-0.8752183948030988,-4.998912592622892,1.3392668074129936,-2.5079997772795215,-1.1182319393560314,0.8101341389181387,0.8219214824159002,2.8220525057779167,1.613621957358879,0.24563750542392482,5.8266438415989805,0.05135867228118929,0,Group3,TypeY
-6.165445052089807,0.9810577171552592,0.9076877713791146,-1.6817475473753225,-5.327337958973908,1.1753439062117896,3.182715253154,2.001922459248361,2.012208384353312,0.04406463491293769,2.8040433233533477,3.6325934350939804,-3.1988657363656157,1.6772022663330217,3.907159872324928,0,Group2,TypeY
4.974390861111255,-1.3984249433020304,2.0146337507402183,2.1137347994431264,1.1676995514882493,-2.0439804459264206,1.1045552199340125,0.3775547328379105,0.5357388083247179,-0.18204043108565582,-0.947637957117424,2.006392268091418,3.459734552924664,1.5675620018388265,-1.5230364894649517,1,Group1,TypeY
-8.440017408694818,1.826785586317104,1.9131361519826706,0.9128588709054433,-0.9386377769658175,1.3749764448780621,0.41509949233977794,-0.20963999341916223,4.154660034462076,0.6084916486780788,1.242688322064883,-1.5843958097277013,-5.4051087859801745,0.011882978591078182,1.8162194279345711,0,Group3,TypeX
-2.2250281178017324,-2.5126627754430695,-0.19179666081738467,2.2731742663156496,-0.8923412750910719,2.161227394831833,-1.2010177971539235,-1.015663230879826,2.980333228368786,0.5382116054922572,-1.4613083975021657,-1.8941531187477376,0.9148561050601312,4.5612256921597405,-0.9869530978041275,0,Group3,TypeY
-4.123613128510848,0.6585132393440941,2.529961994704946,-1.0594968897684975,0.9241320404019153,1.2946460490428935,0.09385526920356102,0.6325827996421973,3.214384682018525,-1.2428715860631347,-2.0782183615559706,-5.279892004577572,-2.099454060434648,-3.4509684024961915,2.4950536413755255,0,Group3,TypeX
3.3633037586354813,-1.5948844602920083,1.680596718060651,-0.19522539570586095,1.619362001974746,-1.163671587218973,1.6710748348134477,0.3805203053163029,-0.8587582421507591,0.690700889348637,-0.16777782344472914,2.303416789234798,1.7502034209607662,-3.554682941401814,1.4390304010064248,1,Group1,TypeY
-7.184969680930043,0.6410744751728557,-4.07808251413752,0.02222625476345108,1.9047242735743182,-1.7052472313718492,2.584372470527039,-0.9907369187412842,1.6170613077257594,-0.06420379495271358,2.505346253426021,4.169220049759203,-2.469337978134507,2.929680274352407,0.9755319383309646,0,Group2,TypeX
1.3548910580312896,-0.8650080779353805,-1.6200720373090474,-0.09802491799163815,-1.2202128985422245,1.8936308863471667,-2.5887180170433886,-0.18173353761590585,-0.8552565095270537,-0.9413814861392652,-7.455322452752819,-10.843766693873286,0.7748962658899667,1.8037161313188168,-4.76602667513491,0,Group1,TypeY
-0.4957580382896527,-4.184936610996639,0.42710673791087905,0.8806834159628709,-2.8293092577147068,3.3792254499620373,0.7095273507712547,-1.560170825129944,0.14928144394959098,2.1173241443709534,-1.2404015115546,-2.0121031499372775,-0.9283724641349561,-0.07940691814283377,-1.5567814516934648,0,Group2,TypeX
-0.3666954099138959,0.3346924769623708,-0.16267452121826942,-0.7491347612299324,-7.721117594000988,0.6788712106435085,-2.5674115339746333,-0.2731522465199018,2.270008852384731,1.3442845752345964,-1.4079662666647592,-3.786591789426311,-1.858423477326572,7.509093506738884,-1.7938857199389595,0,Group3,TypeY
-3.310814443814718,-2.4344949472302453,0.1443319494007067,0.7343103129187053,-1.5569691320141938,3.6778271438474595,1.303537398540909,-0.561050852022268,2.1763002030832874,-0.25083367181123084,-1.481999837356337,-3.636286138645761,-0.13299252369864234,1.794115218329018,-1.4701753658655392,0,Group3,TypeX
0.6772357386758852,1.3656790501160114,0.015952083018118013,0.35914043263778095,-7.313922126535325,-0.9127001228259408,-0.7105457818271288,-0.7418431610084755,-0.91771447733875,-0.381771196674043,4.973149624176788,6.115240960946216,-3.4237538314166023,5.229304414208115,-0.8564879059057942,0,Group1,TypeX
-1.5294495808926056,0.8567211631613166,-0.30938195682070324,0.4623091471996852,1.90348158134793,-1.0397092740211207,-4.33146677042587,1.2160065389114765,3.4092233771194747,-0.7193216868081737,3.1289792050802974,1.051112609574129,-1.0541557368529197,2.019526258632794,1.9672680787625563,0,Group1,TypeX
-2.8615508432082324,3.041696076949909,-2.2812301655778082,-2.5080871029943483,-3.0465313430618,3.9483343496178187,-1.5019034614857545,1.075390554416414,-1.7344674613672852,1.110499865647384,0.0407889702722275,-3.850767342357559,0.2714834155448136,1.7219173523372628,-0.27951375762013475,1,Group2,TypeX
-4.752481009925231,2.6718746802887785,1.9563847351625199,-1.1795141816206574,-1.6976832387643543,2.4197624118232115,2.8974657087848543,0.0833453509750919,-0.09964289901512569,-0.33338005560766565,5.424832002809553,3.6125500437538993,-3.227955758731389,-3.2773739308203313,2.5333724474347505,0,Group2,TypeY
-3.5189026670679855,2.4196146867229724,-2.906427420375448,-2.859790803876298,2.4023849855390047,4.394050098351988,2.357280417177021,0.20348200345228765,-3.1760147898001505,-1.4108022850909592,1.8582637384287921,-3.793885731390128,-0.4061444052249821,-4.470395031001614,-2.2176715519598273,1,Group1,TypeY
-2.7661373567111562,-3.159206620332552,0.15700342504634412,-0.5379353831838443,-2.876058143926368,3.411148264087102,3.1574888585491934,0.9606132325034853,0.3130763405942849,0.7914974359729572,-2.3730823769453417,-1.8534436475943754,0.11938162854001644,-0.2946007762536513,0.48293732269175194,0,Group2,TypeX
10.582165936747002,1.5953638285809597,2.911858375903469,-3.5532152707537685,-0.9044051985742343,-1.1280409919626604,-0.7786884596174837,-1.222750278738175,-3.5925506574996966,-0.9156322963584598,4.354564563731032,1.2200973144379001,1.39790560245001,-5.727404858951219,-1.0170614164968748,0,Group1,TypeY
-2.633519931553522,-0.6399511975829442,0.2485488059217289,2.462022278678198,1.0964001183204293,1.2508328099622243,-1.8357623949710722,-0.5379439663331403,0.4759343077696816,-0.1829015674239269,1.0387145388670402,0.3464274159248058,-2.428553190752151,-0.7465213353976916,-0.25630432172244866,1,Group2,TypeX
-3.3022206754439907,-2.389999526878359,-1.2697619999455996,1.925242627877649,-2.3116673737594784,1.21629738471515,1.2130975628530538,0.6868274954528385,0.7054464502806783,-0.3983270128816281,1.2940454555555805,2.6747838921573286,-2.0691246615543566,3.2056033325015187,-1.09826062402197,0,Group1,TypeX
3.8210271684290142,1.0158913886089704,2.2514174482976466,-4.054394620287604,1.9026110725168968,0.36905984136811765,-0.7036340513497604,-2.2690772729524014,0.6725840814273836,-0.9770721461414011,1.1148424022346566,-3.071637086481329,1.9963895179587268,-5.412576280734354,2.393686068230891,0,Group1,TypeY
-9.172432313542856,1.8990970501152775,0.24967070675302216,0.9853483805747763,1.722841272671586,3.0434186862400234,-3.306718521028735,1.6756362938455622,4.68266155902311,-0.19399479256662508,-1.8369306631484692,-5.815321421943564,-2.2044803904913186,1.0482484882284122,2.825028272769413,0,Group1,TypeX
-1.94388516193626,-2.1209665810815954,-0.161390278623609,1.832245852053401,-0.5287916047083003,2.2138154158645538,1.4124810379496964,0.1335654155359782,0.26486111229871345,0.6756644532569765,0.9586398953899571,2.5152543733597734,0.7476469338952849,1.4169264398058867,-0.05423688986861164,1,Group2,TypeX
-4.271444333696522,-2.377225529239203,-4.130065859732122,0.39443442728742284,-0.3635522461396452,0.7469830154636069,-0.21913220641157327,0.48674150215806,2.041878374520954,0.19731341229026655,0.021644798402425947,0.46865649332994774,-0.10191414896435991,5.4364491416288425,-0.4048253343800856,0,Group2,TypeY
-4.863610104493141,1.172744411077212,-0.576949718849737,-1.8291728801207778,-1.14966055779898,1.254079676195577,5.319010195498639,0.46215409605967733,-0.9379171425295878,-0.10919309450055267,0.7252929313403729,-1.3751452601763055,-4.056776391649043,-3.0281980630184773,-1.4470838236330807,0,Group2,TypeX
1.2178447525719416,1.0330790343665717,-0.9823916612027855,0.6358906111725746,0.5107118281283727,-1.9574014499792391,-0.8642626250373218,0.45564691008859476,-2.299228536994374,-0.7932211972070344,-2.031843914567963,-1.2378712273525698,-1.5862094563667393,-0.8079343231267091,-2.0300796113434987,0,Group1,TypeX
2.433956328400666,1.5367076991554056,0.6055161414009289,-0.11650140039264067,2.06070590781787,0.8646930278489375,-5.349285808066082,-0.23731223419521827,0.013175411815841809,1.027959002257798,-0.6217876711601078,-4.441856200848927,1.0156226026469586,-1.3704538111277815,-0.20103633795522158,0,Group2,TypeX
-6.418100428737236,-1.8711406836015798,-6.184692320464617,-1.292649493611445,0.17113470181179014,-1.2750060565053225,1.012437990381146,0.7172635437832151,1.3845096447238776,-0.8593992108172007,0.490047566747692,0.933365669088225,-3.42425514100865,3.6503839209062554,-0.06297419683096095,0,Group2,TypeX
-1.9016685799435922,-1.2540555873666936,0.4686843332724999,2.3311947069546646,-2.6091122501377653,0.41344974871913975,0.2981593589759203,-0.1026485734506316,1.1624978336045402,1.3636072951996998,-0.5216663110911636,1.777554849338653,-0.7315717333676008,3.7035831186015407,-0.21537954974622475,0,Group1,TypeY
-4.341108598184606,3.0875150855174796,0.9191022442869842,-1.1891851274145593,3.2917001327848796,5.973429708937788,-1.7600801432004505,-1.422058497167931,0.3270476038565283,0.215031942943456,1.6968496469351002,-5.254979520522324,0.7987934027027612,-4.582919817264485,1.3476763770620261,0,Group3,TypeY
5.222924960828427,-0.09728042613224464,0.9106023976626342,-2.4313052944237734,-2.4825326638679592,0.16683375452470683,-1.6555615636713248,1.1263934497220656,-0.08246435629883409,-0.09860839900467729,2.2528636069106094,-0.7018410495817359,1.014287365501143,0.18938136337347095,-0.6360323695609738,0,Group1,TypeY
-4.640731289998043,-0.2857986989483843,-2.2547412663292565,1.030090915574229,-0.723230187615836,1.1350664998934596,1.5983753536765397,-0.07459267700807634,0.6739565418261773,0.3435975351782162,-0.3398094547898868,-0.9405159003811893,-1.8529858853215235,3.072907925634885,-2.3333991751227723,0,Group2,TypeX
-6.835879839213043,-0.3765796765448046,-2.420449577648076,3.492016872405898,-3.033459705666997,0.9457390788615185,-4.78766731435257,-0.6302320736464391,3.585314704845116,-1.5704750453679706,-2.0169883954334296,-1.9006304539926666,-2.9181326391616307,8.928630016021351,-0.4753030335714834,0,Group1,TypeX
-3.355279464673051,-0.689741465925237,-0.7273179169772219,0.12376609672327654,-4.746599861869896,0.09671105031236726,-0.5806131942483651,0.336903263976616,1.5762188665876316,0.4522743776485788,0.34977138225547033,2.6864804894167356,-1.6200772823674257,4.705436435580545,2.454336767578436,0,Group3,TypeY
3.689513286245555,0.6098530959641455,-1.3971421295613196,1.4283307463262083,1.7720527231124452,-2.727923112365687,0.4578308254800634,-1.0182539014177285,-0.9915326240083504,-1.0859631707417063,2.4158200643671863,4.407887260260515,2.243992002123493,3.271550306343027,-2.802772684507441,0,Group1,TypeX
0.12713131618377127,-0.22986309809110161,-2.340646804710499,1.260676891936263,2.821661499912072,-1.2238232944029659,2.048012582235851,-0.6069634458726355,-1.2650277324181554,1.3351126678040974,2.7685524089465563,4.710967439079345,0.9776919543555356,1.133626801374154,-1.8875446032365888,1,Group2,TypeX
-2.435441993812223,-0.6594824743848129,-4.082382374633168,0.13414858370742921,0.613295260449767,-1.0815306871537902,0.7696852313759287,0.6672189393045282,-2.2345440678930846,0.9837360439035638,-0.579038942877129,-0.07554900952506217,-3.3905196626871463,-0.044040773071576826,-2.606957862126268,0,Group3,TypeX
-3.287022624963134,-1.000099374369989,-4.080259871793844,-2.037210211030038,-0.39473828208153705,-0.30826288070936503,3.0715576080694804,1.0974849713531636,-2.5564008962645404,-1.1719339292231947,1.2162331854939845,0.4092992674779819,-4.812893063488778,-2.502744881469826,-1.930314068486953,0,Group2,TypeX
-3.4595603397801464,0.6900037367136422,0.8845284582721109,-0.6414367929844641,-4.165775849236335,0.19929102866159842,0.11355542921736284,0.053384272479021756,2.6389507758268724,0.628102969833705,-0.17173003207205118,-1.5621709815580884,-3.2035531711202667,2.6890483396040605,0.6823622751428458,0,Group3,TypeY
-1.0250117271183352,-0.6347630919151355,-1.814493679405878,1.8398274852523182,1.230494976671785,-0.5966874084332323,0.2318214564251191,-2.49116140815146,-1.5141653941199853,1.2167234924979469,0.07048926228861241,2.128555237761612,-0.8604078805521702,0.48477033697114014,-1.3154497929623608,0,Group3,TypeY
5.509431293061491,-3.317838270686472,3.6192443816862894,3.1497552359320125,2.4460614688076103,0.2403746988830997,1.148967532669114,0.19261914758693635,-0.31415332010382035,-0.1439999777016611,2.6572836852382267,5.924619655926307,3.61671816502422,-2.3980299572704515,0.20932890509655988,1,Group1,TypeY
-4.238193164254621,-1.308023505433988,0.01652503381073167,-0.7571355588294497,-3.0697235774884923,3.6085589875986,3.4157921946652086,-0.8727849535276425,0.9455576129642179,-0.9201522314576858,-2.6863589933637027,-4.665209096992167,-1.0451953921051456,0.6599292930189002,-1.4281318764093558,0,Group1,TypeX
1.33590999688463,-0.25980875834161843,-0.3125566555731971,2.3824443444368293,-2.439960411457542,-4.478301686011943,-2.0084078394916682,0.25051420375559713,3.3905940993199346,-0.6630921738253879,1.853856190193659,3.0043478799832326,-2.395886801944731,7.834890924354491,-2.6054821199116747,1,Group2,TypeY
-2.605994655942914,2.5851279396396283,0.1104399537475691,0.9618685783351354,1.0376337132581206,-0.7283572905287705,-0.005369002447875193,0.14111449670559295,1.3490039555117033,-1.5249849401440596,-2.7107879014434078,-3.93587584337999,-0.6828784326028463,1.8138791911498404,-1.6677353422995076,0,Group1,TypeY
-7.2845634496932865,-0.5611269522529599,-1.9109817338232817,2.727980313540397,-0.5052677788356164,2.8670521303355834,3.1267578003487957,-0.5630810770523736,1.5495796541930709,-0.9465645185278149,0.20198790902560004,0.36900535204565105,-0.9850841738753379,4.662766624976252,-2.447905925802811,0,Group1,TypeX
1.510849557946095,0.7833754505656039,0.7938082544638453,-0.2824240069786531,-4.924746908962046,-0.25314191959764654,-1.452375217079906,-0.8097354673898115,-0.02260033528183869,-1.2512279153776757,0.6775071749200816,-0.6817236652151262,-2.2615497136672453,2.7153423640611747,-1.6291208523392706,0,Group3,TypeX
-3.5077057022989773,-0.3852935579794161,2.423041156408626,-0.21575558165760111,-3.230856553178269,3.054142874402362,2.379623235914224,0.04621160367091715,3.1525682585094366,0.7489361138059267,0.26184843214184617,-3.549132924461217,-2.1150183700898477,0.9046342461548169,-1.1702216257693594,0,Group1,TypeY
-10.827804550766084,-0.007209115039332303,1.3575974132631599,0.05178103562835812,-1.3627966643831004,2.192909543913481,2.5418753060116854,-0.6807755663251802,4.730005498696759,0.29226545615571214,-1.7185533867120752,-2.2927447332733983,-4.191808886140647,-0.21300514765223746,4.170515821715011,0,Group3,TypeY
-9.663627002693007,1.9723501557960579,1.673470552262438,1.2717691338438035,3.452034521051319,1.4189350669020206,-1.3501831884218876,-1.325157155197762,4.91618326686149,2.1050866393345022,-1.0736698637712894,-4.2217875262715525,-4.080095075474558,-2.282299113855873,3.502173579229746,0,Group3,TypeY
-4.289364866666974,-1.5216567179850544,0.17268928021588015,3.1046709081595876,-2.3035226207110386,1.9329731021898762,3.3236592741674293,-0.8193415927345735,0.23729359016542484,1.1584719964733277,1.6533127888586523,5.214600372375009,-0.7496009330536066,3.065311898997714,-0.1700467589583987,0,Group3,TypeY
3.7494712411735693,-1.0473431618886524,-0.6203763211669575,-1.293172528164225,-3.229937421692394,-1.2437138862187962,-2.4558906455584437,0.842774030099027,0.42388814658768337,-0.5387262803464412,-0.06624068929116222,0.08807822719376446,0.8523342608676634,3.3714056390601446,0.047424714994251604,1,Group2,TypeX
-5.594756548274735,-1.0292001503941668,-0.5846754408855754,1.3793542984502767,-1.9085304991314338,3.5555889196452872,1.0069567760312998,-1.115246536376814,3.537669074110882,-0.27831025587657626,-1.6805059855928843,-5.2286483860936475,-1.115249440738509,4.827986935120615,-3.08163518584296,0,Group2,TypeY
-3.076133839881526,-0.14491514433134967,-0.80694918560774,1.2802906345850062,-1.1672815702579162,2.115679941670469,1.4806813883965673,-1.070668371416597,-0.17791281007070148,-0.5276537761783373,-1.304377945146976,-3.3460443330152603,-2.0572403868566993,1.3282347516360606,-3.827840966266506,0,Group2,TypeY
-8.306115507528352,-3.0025121188336996,-3.5679419844762306,2.70342499445132,-0.012891017254592074,0.29509725309084334,-3.7305211711879243,0.10142296423965788,5.189506244954803,-0.753707644861746,-1.7467729590647707,1.5276757632838356,-0.5337375560084743,7.95915837440171,4.021985393184544,0,Group3,TypeX
-5.262448068005299,0.10066579669984188,-2.510387047938195,2.6579060929741134,0.07540586115815562,-2.5151231869880255,-0.29642452947830544,-1.008106506760428,2.7509772944074378,0.08497296263582721,0.9383821391471809,4.94235673387383,-1.3155710943708183,6.834011579180775,1.1322648024922,0,Group2,TypeY
0.48808049228324113,-0.48328072725286,0.45555024532922594,2.8017671762596197,-0.6554361930161321,-2.791138035197432,1.5653963048357702,-0.004262937643876164,2.0860485945243394,0.8594142547594531,-4.350527447644015,-0.5955426377897243,1.7852122345715953,6.033040967977046,-2.36667746408562,0,Group2,TypeX
-1.6771980214666617,1.115390702778945,-0.39678344667564835,2.4705990262984123,-0.3827311257504653,-1.2409570475764493,-0.7744143913909103,0.48923401355003554,0.33844841743889376,0.4718699478766758,0.09431329936135646,1.8280397045428654,-1.2225203964219733,3.2889341402565804,-1.0050192509381244,1,Group1,TypeX
-0.9205104502817458,-1.2090691463643848,-1.9174657814204956,3.4874310988523245,2.665960842225021,-3.50694224074084,-1.6520403494145453,-1.8481101123885366,-0.4404090287581377,-0.5217666572990717,0.5296166538521507,6.094835068078166,-1.1423908657289106,1.6953132862910643,0.9873229533166599,0,Group2,TypeX
-2.686362636122935,-1.8191434020663046,-2.156887621345709,2.7744061267990228,1.4870668266604241,3.1769424523391785,-2.0495481870286683,0.6184072157441348,-2.586579970433231,-0.7274539247231182,-0.017225994204429274,1.2533854285603896,-0.3849280873994052,-0.9909734170882335,-0.21226835687756374,1,Group2,TypeY
-4.533218232595803,1.8508627060658571,3.027877882545389,-0.12306565946634751,0.5905979241800934,2.8944260826952375,2.672678845590069,-0.5181340566668573,4.047706005848573,-0.5382371300747891,-2.936622317341371,-6.0498636672520965,1.7641589499411316,0.5336038204006043,0.5036900305693237,0,Group3,TypeY
-2.7207509145537747,0.745510386908766,0.35990802283159284,0.033314414984875196,-0.3909164272757446,3.08263863749109,-0.5787545335980643,-0.6389850540666776,-0.768140428818894,-1.0802670597806927,-0.3218560072342145,-1.6483528907538223,-0.36405692767316133,-1.7056506010915395,1.0592715680595304,0,Group3,TypeX
-7.339645568333025,2.001372798828132,2.9923925681068546,-1.7358091476505442,5.101133080900489,2.812628841658605,0.18891563589457627,-1.1363751667038573,4.709989748341557,0.2316480716109227,-0.32360649795184804,-6.065740448190528,-1.6720625290151006,-6.780439159960258,4.772855176544542,0,Group3,TypeY
4.333489889575883,1.0005166028376054,2.3194775949000395,0.07045286305347165,1.3096782092646924,0.34668639201761553,-1.7311483226462037,-0.30466783375565604,-0.9099766339637104,0.6205008990991628,-0.1192126306223329,-2.3726215733616836,1.3525356141875196,-2.79674631823212,-1.1922422574414673,1,Group3,TypeY
-1.6001988115119083,0.5569527971523693,-0.6743373263836672,2.0417857797501657,0.31858311921398175,-1.153966531460016,1.9554164708159032,1.4443434119799452,0.49973403909288616,-1.6724045258123525,-1.1832407052151148,1.2120440794513436,0.6453728793800791,3.6187061418754567,-1.7523608460792928,1,Group3,TypeX
4.667023062764504,-1.991649962154752,1.9043153742447103,1.0336370709798441,0.059901338014858085,-0.16534264535677035,0.6702801312515949,-0.10798368601261019,-1.9702647775191156,-0.11298112310661049,3.503358236725523,3.9675067844491387,-0.7421992903097985,-3.487693529663327,-1.4339248156788824,1,Group3,TypeX
-0.6243677879619767,-0.03946681701697363,-1.0442150054725186,0.2360862632700892,0.6040895277122493,-0.580029165311402,2.3538910331190563,1.4812365916235948,-1.9471419831056016,0.7588477658387964,2.6611585042584496,1.6851920489058365,-3.678617956234517,-2.4865362810278206,-2.988163594663808,1,Group2,TypeY
-10.134983918039659,1.8825687611283657,0.5455133701937351,0.8989183814603556,-2.4400550249989115,4.7496794747794056,0.9873188667648176,-2.1797886613902455,1.5727215916799593,-0.056836852206949735,-0.7823700686076875,-2.742280702137753,-3.5344106050800956,0.43792715296616674,1.8177549689427281,0,Group3,TypeX
-4.0856429989420935,2.4277787912603195,0.15963574573412398,-0.8880310080038201,-2.540562606454623,4.507343047156595,-1.2534418847400262,1.5095239926988544,0.9069209145914355,-2.9667530687407306,1.5311564245843299,-3.697026893929228,-1.0665191773149254,1.4194532669957247,-0.42360455383370255,0,Group3,TypeY
2.1233059424222094,0.23477823494809424,-0.5103423385869101,-0.974558343026681,-3.522121862898054,-0.12070272986967434,-3.268940162620291,0.5884361802403073,1.2770450512567662,0.4375062034730363,2.231776694658288,0.27149670587966157,-0.004852796581544472,4.4814704900237725,-0.3607504707279934,0,Group1,TypeY
-3.265422261322868,-1.2285372893390145,-1.1586515121392862,-0.30441359459069006,0.9354651196550141,-0.06830563499772624,1.7397679378704196,-0.7742699224040547,0.971665112792382,-0.22366657180344413,1.8301169805814292,1.54966528441676,-2.457561328236589,-1.0760362784025062,0.5025641446251801,0,Group2,TypeY
-6.38140560016225,2.2696671461097075,-1.1934197973796032,1.8608101797641012,3.4155952925370627,2.4036966456045166,-0.28964815542004607,0.45303965657205897,-2.8279191391414003,1.073118026799375,-0.3386488636395244,-2.568162146429207,-4.813197550796042,-5.477923108114445,-1.3533232261740853,1,Group2,TypeY
-1.291134375466351,1.0403112562329286,0.1389535247319844,1.8307569674292,-2.458855103035221,-0.33602019433613206,-0.5898740581555448,-0.8386576375205848,1.8326932196488244,-0.6809088291356947,1.5792433402457497,2.3405979582263847,-0.08357414330434454,5.943789176624685,-0.853701775055973,1,Group2,TypeX
1.3452289417996508,-1.1184903017698624,2.0780442048397525,2.5417622834707316,0.646000395049033,-2.771480212775699,3.207378203085514,-1.18120117314888,0.5804127180262726,-0.6226138999593189,-2.3398249461510012,2.2912583678087883,0.7430613028018975,0.6208065208585438,-0.783276963705636,1,Group3,TypeX
2.078521430666608,0.8919914510957483,-1.0392190565448973,-2.3199045648467496,0.8624580039734593,2.9374244401789547,3.0541772739386808,1.5583499601419777,-3.3646016288778005,0.6623061423683021,3.417536034966213,0.3105690589625625,2.1144721962893978,-3.0937271459759064,-2.466397929353359,1,Group3,TypeX
-4.542418337713643,0.43576835822717763,-2.4071140619434392,-3.2688300227665037,-1.7056691667740158,0.09122446799216166,1.5805870754086482,0.05469486537462616,2.712425693014858,0.4414197598929505,-0.11674086645336967,-3.293842578088736,-2.167271609528518,2.332550667462342,0.1840960479386764,0,Group3,TypeX
5.504984025441397,-3.5600345757686505,2.1307792733314224,2.59546158582366,2.2159727481263887,1.5538486144366321,-1.010261530967457,-0.7012495444040763,-2.923993667437344,0.9761386900669211,2.696068823905945,3.789564354463432,0.9983386096912622,-5.320682132782092,-0.9691353042875789,1,Group1,TypeY
2.3665547370836504,2.180642603340583,-0.6547690423797141,0.015642592212247397,0.892348326977223,-3.9146590209033736,2.087968423807513,-0.5532410018397994,-0.8515766694071216,-0.5737031442926516,0.1550986239435278,2.552920512046346,1.1312521440742964,2.079419540369557,-1.705310355116249,1,Group3,TypeY
7.306008652237774,0.4817462981799525,1.9415387089150036,-3.675825888152308,0.3258861992859172,-1.7126682474262243,-0.07647322070118079,-1.1627104393277614,-1.3384986631221105,-0.16164379447861094,4.368599697812265,2.951750539060663,1.6176649266761802,-4.642191296083083,1.772934736514422,0,Group1,TypeX
3.8082989224445836,2.656946072009098,3.094224684120219,-3.059317970771171,-3.078895732418371,0.08554755523074942,-0.33616939906965104,-0.5373625893133998,0.26811013929997285,0.46852360281883604,2.8621698923863166,-2.611341269648267,-1.7126642141426554,-2.158523932734785,-1.1833988388620176,0,Group2,TypeY
-4.087710916822058,-3.7399482293019934,-1.70359304517791,0.9409707309996194,-2.3883465024973143,4.547650567666907,2.6541048090708834,-0.25876441187237875,0.023797469092638024,-0.49705248683568226,-0.2949050471056094,-2.058113004520153,-1.8450033395337648,1.1689797619007305,-3.1826226677588196,0,Group3,TypeY
-4.3041752102133035,0.847570588306028,-0.4840846647035565,0.7626790694333376,-1.1158614832164448,0.08103873422688657,-0.10766307811590958,-0.171810463802674,3.941363153176985,-0.14663177404360228,-0.02231786483923759,-1.3747738952765431,-0.8517561404842007,5.454846449375911,-0.45529925841349483,0,Group1,TypeY
7.24760395423295,-0.8270602194063309,3.668726228184151,1.0591380143914837,-0.8435531821503577,-6.92561273152842,5.3646535301951745,1.1044777038374665,2.5626957481393866,-0.1271585968748843,-0.7545879684293262,3.723007290412973,2.0656017825849755,3.5679365120110442,-2.978523392931869,1,Group1,TypeX
0.08012492390184571,-0.3604500349721058,-0.728227934075907,-0.6039675144875425,-1.4970928966436117,0.41662771515222263,1.4708480797171202,-0.40602915441271537,-1.2495228835952368,0.537179814541736,1.4082084326957716,1.7518358711268256,-0.596183868845102,0.00697184847965292,-0.591601788478004,1,Group3,TypeX
7.625184436198034,0.42195894097180275,2.494591375649045,-0.3085761907954998,1.2656263783554496,-5.063536545279427,3.091028557028531,1.0929591108966683,0.5830391975079852,0.9704626369066661,-0.5324564293676299,2.8814560272501173,4.442730027573026,1.1503660674059764,-1.0001653754919442,1,Group2,TypeX
-5.4106922294025415,-1.7229734726783725,-2.559381824370919,1.4903723537155429,-0.7077639495260144,2.359305948877669,2.154370350982072,-0.8557425799515072,0.7277382088651205,-1.185921599186856,-0.6406891029843976,-0.6056899420221932,-1.160637911016089,3.2202044653156303,-2.0995454930967634,0,Group2,TypeY
0.27827639266928716,-5.094458283126782,-2.882452683221879,1.899505010552879,-1.1995230190755422,2.112588399218808,-0.7949832112424375,-0.6893290680800719,-2.0640458546289273,-1.410467416412775,-1.2579848658153956,0.12133275787595092,-0.7387502380821901,1.0070515072913406,-2.6899653193525443,0,Group2,TypeX
-3.270056871932473,-1.6299806049375092,-2.212460910652636,-1.3972579429978444,-2.966673126937465,3.8116390891775462,1.3538678788584653,-1.3938176478742055,0.5435634640958801,0.18411939832816962,-3.6987533560286496,-8.095179093454295,-1.1979819280274857,2.0687381284512085,-3.881794942056889,1,Group1,TypeX
4.009960303948302,-0.15563484172956077,0.9722324797366816,-2.475284252834917,-4.464693324581255,-1.3771236642261777,0.012614943133311574,0.034393795307583075,0.5956470453011448,-0.6422324784439893,3.0464089735948705,1.8311919185765237,-0.7899435643491586,1.6593641163163848,-0.13424098779003502,0,Group1,TypeX
-1.2186001417499237,-5.1484506234227565,-2.2811981061737283,0.3790471581587501,-2.61502148860611,3.8220147902892276,0.2304639133378813,-0.8507827486281534,-0.33995452296634454,-0.7287901963773834,-1.2106780952301766,-2.8768873209661936,-1.2494909173615563,1.149136981937218,-2.933785010483586,0,Group1,TypeX
-6.373682732711911,1.4132739900068063,-2.7139532284682346,1.7767831780942984,-2.335872857559688,2.4726649309849753,-2.4627302591850224,-0.13560123990088283,1.7414740638465074,0.7859928127031317,-0.8734226216173209,-2.3669412035781714,-1.1761282676582716,7.111005267270374,-1.294601866187979,1,Group1,TypeX
-3.984071152132295,0.6790535361538979,0.39604636332663534,-3.1779343180835937,0.7697174789278964,2.841837386579785,4.95423764099219,0.5239989555843281,-0.165849568236502,0.09274306577955228,-0.5553169829199878,-6.318218593859491,-3.2630986004444407,-6.287129278474565,-1.836552347105538,0,Group2,TypeX
-4.103964830214547,2.9993109567272573,-0.5271624551401233,0.9484028230449291,0.3614257033987034,5.147764913317599,-1.5035358637934286,0.5063867472328947,-3.6338516651319903,0.6706871707262329,-0.6271300748591733,-3.938788690888278,-1.4270548863315784,-3.2234024247205277,-1.3440294715129466,1,Group3,TypeY
-3.56875558850864,2.211860719138332,1.4998728237620464,1.334918334020354,-1.9756335467159787,0.6700333796802056,1.1154470001844086,0.7947585224719341,2.4447422176377813,2.0064086377129366,-2.4181307589737973,-3.202925374172304,-0.4275389316417353,3.915663381240617,-1.2197126961616536,0,Group1,TypeY
-4.114177423253149,0.9997952562553464,0.1537962480511298,0.6358646161155679,2.2359405073187135,-0.9362290742729653,-2.422051862968999,0.4301429743153713,2.9762437037677776,0.5085353176271308,3.098494106506184,3.194213526529513,-1.8177132817188488,0.06796130560758559,4.202620690005537,0,Group1,TypeX
5.713382283001653,-6.041429699043533,5.592630132005182,2.3470942306602076,2.328907813263619,0.1565804178719472,3.820924292865958,0.9442148402518143,-2.333370543333178,0.195162047141818,1.6349759926980798,6.731126677378716,0.35112980492944124,-10.386956581399689,2.3078543689645667,1,Group2,TypeX
-6.234355525716837,-3.122052312208694,-3.672422925715819,-2.3701292061291412,-3.4168505870219614,5.03491579168727,2.9565380835198503,-0.7877224332655192,1.836134638695865,0.22629226724343637,-2.9386251444209788,-7.211643283618362,-1.0002827933000527,3.231116218592817,-2.574420334103814,0,Group3,TypeY
4.387000687947164,-0.15627437378449927,1.41411105272416,0.2976484574435726,-1.3206296782000932,-3.03795025061713,2.631738493953497,-0.5972789358462477,0.5690443414556474,0.6165793523072711,0.11357831728824064,1.692233296402123,1.1466933217817954,2.4943321848849775,-2.628415383502513,1,Group3,TypeY
2.9099459637726897,-0.19678628265296216,-1.06161374640268,0.1408510045426712,0.007835644803733777,0.10103232330900047,-0.36854582080916676,-1.2237448466562693,-3.5315447391818764,-2.477506118629017,1.5161980342833035,1.5302086359225564,-0.5075375016372672,-1.841271820260234,-2.1777848231760295,1,Group2,TypeX
-2.847909292330848,5.74083834534675,1.0752739646412306,1.9339170416982379,-1.3089359230428879,2.1315225530928448,-1.9480394007113953,-0.012276533502175885,-2.677962594926267,0.2839278876047216,-1.412480504568244,-1.9546282216884843,-0.4834409449481468,0.669304786956845,-0.628434957164447,1,Group2,TypeX
5.101628932168894,0.8101781460538627,2.2951471758972866,-2.91567159647061,-0.8468725254332824,-0.2920078834072508,0.6823533536011868,0.4788475732177351,-1.4186626456446376,-0.027214132377857005,2.386624990777227,-0.12243857908478618,0.13305604284728245,-4.4992403547507465,0.0937556244076837,0,Group3,TypeX
3.142900260861868,2.0114058742703906,3.529230934767855,-3.0952907806581953,1.2962465796453442,0.42147182809981787,-1.991456270680136,-0.5717358227493337,2.1147218072343614,1.7624731648696121,-0.9430503565163264,-8.3291018776989,-0.41159925117609464,-4.835774920872532,-0.3896927766623104,0,Group1,TypeX
4.345381018071812,-2.6767044109369103,1.7951347001822464,1.0967972773009875,0.10834807381943956,-2.8888094226893557,3.7829107930112595,1.3655603704321775,-1.102631258611276,-0.046496581126557926,0.4545878676122027,4.759347339021122,0.1853360987029129,-1.96479893855767,-0.9132026984540896,1,Group3,TypeY
-11.86921312450087,0.5782138591879773,-0.01578841297654887,0.8228468648635601,-1.2264118987376262,4.230941115588352,-0.45297075170798295,-0.39925664594596205,4.998725881487376,0.906870534610285,-4.299736430571308,-7.150375477724561,-2.9847275820528747,2.5035352196615857,2.4286417886970284,0,Group2,TypeX
5.9943149003481055,-1.0592525935250776,4.3053374833106846,-0.03350154249734705,1.517153456001823,-1.811229429390898,2.0299524506313285,1.2710300994311405,-1.3353454878701099,-0.3270734308637865,-0.12098606491549191,1.3315682732329295,0.7163236544252737,-6.426971675356895,0.4028689653159343,1,Group1,TypeX
-6.284337927796324,3.740882863943824,-0.2794330089111835,1.9825934320574392,-0.27823176043262343,3.6440681273066655,-2.265921743068602,-0.13959512711575175,-2.420161279934354,0.6067950250596347,-1.1131328744178486,-3.68046275092763,-3.9481961318338965,-1.9571475531375624,-0.9112709801733446,1,Group1,TypeX
-2.085647964293491,-0.47817647466073543,-0.27114602160640233,0.7157451882741063,-0.5635344078066857,0.8748810862931076,1.2393161356895348,0.5076118229432475,0.11322680458188272,1.1003928922787292,2.2488603643157212,2.2259544692104836,-1.5561856595491688,0.26214872043053483,-0.3830284721388425,1,Group2,TypeX
5.797102851651359,1.838885407618911,2.2351836333525457,-2.5487683093208218,-1.7015216806660236,1.2369086179700517,-1.3769507262026943,-2.2832386346150395,-2.0022316169019105,-0.2134326970879245,1.9728632720136954,-2.7271718514951133,0.5238155592197793,-3.328966916261623,-1.6282025791338293,0,Group2,TypeY
-5.782818039212974,2.538590490814503,2.7524933448695927,-1.7944199309964124,-0.2542869433633591,3.488829254762329,1.1682812992752094,0.8898569517854946,2.772829329946072,0.42076656251858635,-0.4813518752078345,-6.480354181499045,-2.7334596977485983,-3.5774017191815903,1.3098118928127058,0,Group2,TypeY
6.1460837091566995,0.49921778816660756,0.8634818964594739,-0.6597288333759244,1.236137939856556,-4.381738298458252,2.8395995721804246,0.9416190135514908,-1.6893488885435786,0.0765180622437113,-3.148370208725545,0.6598846671537156,3.3595788881121464,-0.5424563241510483,-1.2342965653842017,1,Group3,TypeY
-13.608649742998184,2.542740257016136,0.8268846667962362,1.8119935855182079,-0.4374246433890612,5.99718781536339,-0.37085868748589046,0.2997948741631638,3.638877880314057,-1.6556393601700825,-1.4484185056060737,-5.617018727916262,-4.3425033847245995,0.2514910333555941,2.1984657057556296,0,Group3,TypeX
1.6597046916118943,-0.1621905415394097,1.5068359112631375,1.9004093870577274,0.7500828024174823,-2.7037040917745276,1.6142740112789435,0.9068341463729263,3.8682722375741188,-1.451834745168435,0.2347461007241618,1.6737219827262324,2.4936639957581344,5.399935529468684,-1.6262101226917172,1,Group1,TypeX
6.612603344767412,-1.8156947238569057,4.481695535405093,-0.1996404248242214,1.7733562296798837,-1.311103462479935,1.8994166391310805,0.28092849694782634,-1.995916435668759,0.808988609229009,-1.0046132660595677,0.5959765015950478,1.0004812928899487,-7.942426010495471,0.6995698015563114,1,Group2,TypeY
3.710325099075803,-2.2657777260348526,-1.248067955427568,1.97078348092292,-0.9795469365173768,-0.02018490783945981,-3.0546888361785896,0.7002098475187654,-2.3429416115477752,-0.9501525300518722,1.7058026707493483,4.290316114618566,0.9270517417090685,1.7251331818470559,-0.7035946497899725,1,Group1,TypeX
-4.537900968370942,0.6312836924903596,1.207457415044798,1.1197766907612712,-1.7564298964807077,0.6312655017227116,0.766848954827202,-0.8818184989854194,0.7423159842816506,-0.5912156192423738,-0.5239471600271057,-0.3739917148122577,-3.912942284742913,-0.6910841883867008,0.7388533939193093,0,Group1,TypeX
-5.667667160571968,0.939932482913435,-0.9522773696736749,-0.46381785564699496,-0.4286691766646744,2.435822892266966,3.367518433131666,1.0095859678911938,1.3070788128815576,-1.5145735090585566,-2.159548626236404,-4.437862761910684,-0.6897693605262941,1.3685431629635318,-1.7047552590377024,0,Group1,TypeY
-7.626340419465591,2.9053127957089266,-1.2233128127972497,0.19504475145067934,-0.6190010861552833,4.284887237824131,1.68767079251016,-1.1275909512087632,-1.96736770831905,2.448586988174057,0.6104354855283203,-1.2424151012661238,-2.5614508998116596,-1.558462968925425,0.04541095177832566,1,Group1,TypeY
2.4514413858889226,-1.2432050531433905,-0.2636116482796096,1.0724376927333514,1.6569664661508123,-2.837686749342019,1.003531062253211,-0.9683358632535589,0.49220474376922363,0.2483054757359842,3.3218264380915956,5.060647908785767,-0.1412983657174931,0.8054316471020248,-1.070622949010578,1,Group2,TypeY
4.617324220070774,-1.156370506833983,1.8937337004614747,-0.4709002424265645,0.2684833411345474,-2.37589304948901,2.9947891997524723,0.5220206351107666,-2.0223608110857962,-0.5432015003763371,-0.7845476764082457,2.164508059378573,0.5777721684384659,-3.8443334045035247,-0.10429345621405939,1,Group1,TypeY
-4.7555318955502575,0.9573983403385278,-2.838073407834303,0.4724965015215331,0.7680861125626963,-0.05881271366281515,0.6048902756250067,-0.2793502470569215,1.2518023446750206,-0.37093110360766823,-0.5050801989348717,-2.5334007303784136,-2.393710827003784,2.959440549563126,-2.716673404736998,0,Group2,TypeX
0.2863052443023801,-1.6766641448446964,-0.41136954975868334,3.2878355617327455,-0.8737222936552635,-1.7785322981964162,-0.4208043507124649,-0.1498780335221683,0.585344999608425,1.1122924498917277,3.0510813021200103,4.292706336517074,-3.22882664778587,3.0694371816637847,-3.081969259933486,1,Group2,TypeX
5.381966183605349,-0.5907964065845666,1.2960952587816006,1.4692840958943962,1.294500924281921,-4.36093225827948,1.2823765690349378,1.2972975339255457,1.046448442614734,-0.07937614002031229,1.7250792287320036,3.74750371960089,1.1899007204950678,2.062331264854172,-2.518770613796665,1,Group3,TypeY
-5.097323925315103,-3.5409240028860998,-1.0549182465783349,2.9757935298155793,-1.9782647882839557,4.369576785459602,2.728622540415266,1.315821840016223,0.4446485615308907,0.6467439354186445,-1.3533324038109547,-0.6107366055157782,-0.7358079884339478,2.8031143628294912,-2.546049502689983,0,Group2,TypeX
4.773670982932842,0.008236475705077684,-0.19625158792001884,-0.34687640643867024,-1.7386067954342388,-2.4993902813375497,-4.542623420880403,1.0994637713956532,1.1121213142215864,-0.35166018383421516,2.0201611432376456,0.8023307529556378,-0.19172050404441676,3.52873346974671,-0.7966042950446119,0,Group3,TypeY
-2.7728916911115946,-0.6671942549568364,1.2040403238287771,-1.9349795838976442,-1.763048952761899,1.1964095487776343,0.45230101389646293,1.2322042374139113,3.789213616153396,0.43737267417966835,-0.34971892702514906,-3.247053057113592,-1.174762423728543,0.42330041314244654,1.8340335939733041,0,Group2,TypeY
2.7626001242963962,1.4753070185858153,1.1850381665453376,-2.32572813713105,-4.129371318874664,1.5291449146157094,0.03585389612736578,0.22654275093099605,-1.510348630912759,1.2979165056607622,1.9308635374802572,-0.9554623643013141,-0.3113847073336835,-0.4325545200197151,-0.9912471052552099,0,Group2,TypeX
-2.072336722618298,0.08080423030658701,2.501284571021124,2.5788154895388953,-3.1986574645819084,2.5303076470258556,1.0190229690955388,-0.17963037272551532,1.237224441058186,0.7791306255883522,-3.630188001698017,-4.034602539623447,-0.19593046603529485,2.85324174914809,-2.3956106766286096,0,Group2,TypeY
9.03523167363432,-3.0115221354940065,2.475906102723302,-0.4293342736741499,2.5946633216143775,0.892328968843785,-0.5655507244630802,0.6248178230538752,-5.456203579169829,0.8049425736373473,5.654677520679278,5.209754361620522,0.10322343970347314,-10.792134092800058,-0.11516863919299591,1,Group3,TypeX
5.6318600304063775,-0.8058734094070681,1.8927069178130076,1.0059814813754744,2.263665412269807,-4.332889066870187,1.703853765351652,0.6611529286613466,-0.628015914721964,0.5102522224050186,-1.637332229178996,1.8206841054414324,1.5084098976664504,-1.732740194116631,-1.0986477240456476,1,Group3,TypeX
8.172249147255991,1.2770244140468865,1.6513594165381398,0.22774906159784125,0.637306012575052,-3.834064608734046,0.8564730824695759,1.2833545772882056,-0.35517816477104913,-0.1035878946470647,-0.4401516434038042,0.7305534704009415,4.1329236556284945,2.461859819873161,-3.338792947383602,1,Group1,TypeX
